{
    "feature_order": [
        "Open",
        "High",
        "Low",
        "Close",
        "Adj Close",
        "Volume",
        "Returns",
        "MA_5",
        "MA_20",
        "Volatility",
        "RSI",
        "MACD",
        "MACD_Signal"
    ],
    "min_values": [
        43.150001525878906,
        43.9900016784668,
        42.18000030517578,
        43.09000015258789,
        41.89672470092773,
        532500.0,
        -3.019884145783923,
        44.05400009155274,
        46.56986618041992,
        -1.7808777649057739,
        19.919530589991325,
        -4.533545483380067,
        -1.853503992415153
    ],
    "max_values": [
        232.7400054931641,
        236.3000030517578,
        221.82000732421875,
        231.2700042724609,
        230.12667846679688,
        7143300.0,
        3.20745702953381,
        225.75200500488282,
        217.37200088500975,
        2.791125417332761,
        96.59412220269927,
        14.524226655472063,
        11.950198819334577
    ],
    "feature_names": [
        "Open",
        "High",
        "Low",
        "Close",
        "Adj Close",
        "Volume",
        "Returns",
        "MA_5",
        "MA_20",
        "Volatility",
        "RSI",
        "MACD",
        "MACD_Signal"
    ],
    "sample_original": {
        "Open": 50.0,
        "High": 50.040000915527344,
        "Low": 46.0,
        "Close": 46.06999969482422,
        "Adj Close": 44.7942008972168,
        "Volume": 7143300.0,
        "Returns": -3.019884145783923,
        "MA_5": 50.5239990234375,
        "MA_20": 46.64628519330706,
        "Volatility": 2.791125417332761,
        "RSI": 58.02001971843944,
        "MACD": 2.0468723292142883,
        "MACD_Signal": 1.5645326262352042
    },
    "sample_scaled": {
        "Open": 0.03613058880099551,
        "High": 0.03145961829263863,
        "Low": 0.021264749195981036,
        "Close": 0.01583589901686913,
        "Adj Close": 0.015393279009636857,
        "Volume": 1.0,
        "Returns": 0.0,
        "MA_5": 0.035608530401701144,
        "MA_20": 0.00044741251635588286,
        "Volatility": 1.0,
        "RSI": 0.4969115364956622,
        "MACD": 0.3452878838434208,
        "MACD_Signal": 0.24761737232859865
    }
}