{
    "feature_order": [
        "Open",
        "High",
        "Low",
        "Close",
        "Adj Close",
        "Volume",
        "Returns",
        "MA_5",
        "MA_20",
        "Volatility",
        "RSI",
        "MACD",
        "MACD_Signal"
    ],
    "min_values": [
        4.673333168029785,
        4.806666851043701,
        4.293333053588867,
        4.659999847412109,
        4.659712314605713,
        0.0,
        -3.1007454442365576,
        4.727999973297119,
        5.722666573524475,
        -1.691741717179491,
        0.0,
        -5.264016842522437,
        -4.498473410839484
    ],
    "max_values": [
        138.1199951171875,
        139.91000366210938,
        136.42999267578125,
        137.99000549316406,
        137.99000549316406,
        5370700.0,
        3.241429135665233,
        136.59200439453124,
        133.75600204467773,
        3.4595591823661263,
        100.0,
        3.9946313253053347,
        3.898687220534928
    ],
    "feature_names": [
        "Open",
        "High",
        "Low",
        "Close",
        "Adj Close",
        "Volume",
        "Returns",
        "MA_5",
        "MA_20",
        "Volatility",
        "RSI",
        "MACD",
        "MACD_Signal"
    ],
    "sample_original": {
        "Open": 8.979166984558105,
        "High": 9.166666984558104,
        "Low": 7.9166669845581055,
        "Close": 7.9166669845581055,
        "Adj Close": 7.916178226470947,
        "Volume": 1096350.0,
        "Returns": -3.1007454442365576,
        "MA_5": 8.90833339691162,
        "MA_20": 8.943452426365443,
        "Volatility": 1.4087849833730144,
        "RSI": 34.06593959381273,
        "MACD": -0.10195340250650808,
        "MACD_Signal": -0.03010991544416202
    },
    "sample_scaled": {
        "Open": 0.032266328386459105,
        "High": 0.03227159473945202,
        "Low": 0.027421110396835688,
        "Close": 0.024425613134666194,
        "Adj Close": 0.024424051235709177,
        "Volume": 0.20413540134433125,
        "Returns": 0.0,
        "MA_5": 0.031701854057613776,
        "MA_20": 0.025155838055680675,
        "Volatility": 0.6018919804948678,
        "RSI": 0.3406593959381273,
        "MACD": 0.5575396479534909,
        "MACD_Signal": 0.532127905080215
    }
}