{
    "feature_order": [
        "Open",
        "High",
        "Low",
        "Close",
        "Adj Close",
        "Volume",
        "Returns",
        "MA_5",
        "MA_20",
        "Volatility",
        "RSI",
        "MACD",
        "MACD_Signal"
    ],
    "min_values": [
        1.4600000381469729,
        1.4819999933242798,
        1.4329999685287476,
        1.4490000009536743,
        1.0299487113952637,
        308000.0,
        -2.7636634905779487,
        1.4835999965667725,
        1.5347000002861022,
        -2.00126841369994,
        13.290057274636169,
        -3.00555443922131,
        -2.5346702956550193
    ],
    "max_values": [
        57.62799835205078,
        57.72100067138672,
        56.9640007019043,
        57.48099899291992,
        53.3854866027832,
        72531100.0,
        3.19482458600193,
        56.954199981689456,
        55.89169979095459,
        4.969065201513994,
        96.37683012285821,
        1.6595573947919107,
        1.5329930000577239
    ],
    "feature_names": [
        "Open",
        "High",
        "Low",
        "Close",
        "Adj Close",
        "Volume",
        "Returns",
        "MA_5",
        "MA_20",
        "Volatility",
        "RSI",
        "MACD",
        "MACD_Signal"
    ],
    "sample_original": {
        "Open": 1.7649999856948853,
        "High": 1.7899999618530271,
        "Low": 1.7549999952316284,
        "Close": 1.784999966621399,
        "Adj Close": 1.2687772512435913,
        "Volume": 5308000.0,
        "Returns": 0.8988761258543481,
        "MA_5": 1.7763999938964843,
        "MA_20": 1.6822142856461662,
        "Volatility": 1.050263171466003,
        "RSI": 67.21649621369002,
        "MACD": 0.04067075795562114,
        "MACD_Signal": 0.023755524229985333
    },
    "sample_scaled": {
        "Open": 0.0054301373861210395,
        "High": 0.005476625914672257,
        "Low": 0.005798563369115564,
        "Close": 0.005996572881790271,
        "Adj Close": 0.004561667198296763,
        "Volume": 0.06922992782087725,
        "Returns": 0.6146759999114679,
        "MA_5": 0.005278471792413298,
        "MA_20": 0.00271380477083262,
        "Volatility": 0.43778845513297365,
        "RSI": 0.649037591549782,
        "MACD": 0.652980101134334,
        "MACD_Signal": 0.6289669606089442
    }
}