{
    "feature_order": [
        "Open",
        "High",
        "Low",
        "Close",
        "Adj Close",
        "Volume",
        "Returns",
        "MA_5",
        "MA_20",
        "Volatility",
        "RSI",
        "MACD",
        "MACD_Signal"
    ],
    "min_values": [
        44.0,
        44.959999084472656,
        41.3650016784668,
        43.060001373291016,
        43.060001373291016,
        806200.0,
        -2.7809278157558746,
        45.25,
        46.0334997177124,
        -1.3248325243077808,
        7.762252050144312,
        -14.24241260397389,
        -13.217357120426458
    ],
    "max_values": [
        247.5200042724609,
        257.25,
        241.2100067138672,
        245.97000122070312,
        245.97000122070312,
        12014200.0,
        2.94766253672161,
        236.3220001220703,
        212.5979995727539,
        2.810206877158298,
        89.48342728326578,
        10.098251978081777,
        9.371210544078341
    ],
    "feature_names": [
        "Open",
        "High",
        "Low",
        "Close",
        "Adj Close",
        "Volume",
        "Returns",
        "MA_5",
        "MA_20",
        "Volatility",
        "RSI",
        "MACD",
        "MACD_Signal"
    ],
    "sample_original": {
        "Open": 146.1199951171875,
        "High": 147.39999389648438,
        "Low": 139.63999938964844,
        "Close": 141.27000427246094,
        "Adj Close": 141.27000427246094,
        "Volume": 3849500.0,
        "Returns": -1.2605667226069548,
        "MA_5": 152.5260009765625,
        "MA_20": 162.2050007411412,
        "Volatility": 0.5467759656083411,
        "RSI": 18.204600485722594,
        "MACD": -10.231813417974593,
        "MACD_Signal": -7.83856996419367
    },
    "sample_scaled": {
        "Open": 0.5017688333991734,
        "High": 0.482547432145774,
        "Low": 0.49175608714249974,
        "Close": 0.48400770278953054,
        "Adj Close": 0.48400770278953054,
        "Volume": 0.2715292648108494,
        "Returns": 0.2653988153458029,
        "MA_5": 0.5614428116522934,
        "MA_20": 0.6974565476108717,
        "Volatility": 0.4526216822148158,
        "RSI": 0.12778020391642647,
        "MACD": 0.16476950218343572,
        "MACD_Signal": 0.2381198859582806
    }
}