{
    "feature_order": [
        "Open",
        "High",
        "Low",
        "Close",
        "Adj Close",
        "Volume",
        "Returns",
        "MA_5",
        "MA_20",
        "Volatility",
        "RSI",
        "MACD",
        "MACD_Signal"
    ],
    "min_values": [
        0.0302080009132623,
        0.0305209998041391,
        0.0269789993762969,
        0.0305209998041391,
        0.0305209998041391,
        0.0,
        -3.027015861292805,
        0.0307291995733976,
        0.03166149994358415,
        -1.6731747112341038,
        6.8699461329864135,
        -1.2437301951765107,
        -0.9552189094840985
    ],
    "max_values": [
        34.915000915527344,
        35.2599983215332,
        34.79999923706055,
        35.20000076293945,
        35.20000076293945,
        41006400.0,
        3.6880478038661377,
        34.96300048828125,
        34.23299980163574,
        4.084808827340022,
        95.77252970081068,
        1.0109739529455233,
        0.877906733836832
    ],
    "feature_names": [
        "Open",
        "High",
        "Low",
        "Close",
        "Adj Close",
        "Volume",
        "Returns",
        "MA_5",
        "MA_20",
        "Volatility",
        "RSI",
        "MACD",
        "MACD_Signal"
    ],
    "sample_original": {
        "Open": 0.0449220016598701,
        "High": 0.0455729998648166,
        "Low": 0.0442709997296333,
        "Close": 0.0442709997296333,
        "Adj Close": 0.0442709997296333,
        "Volume": 1132800.0,
        "Returns": -0.9537080358654844,
        "MA_5": 0.0448568001389503,
        "MA_20": 0.04422442907733574,
        "Volatility": 0.6712875110131632,
        "RSI": 47.6190398334505,
        "MACD": -3.2123014324626775e-05,
        "MACD_Signal": -0.00011475234239192421
    },
    "sample_scaled": {
        "Open": 0.0004217883930864256,
        "High": 0.000427255843826943,
        "Low": 0.0004972820950018225,
        "Close": 0.0003909639840594675,
        "Adj Close": 0.0003909639840594675,
        "Volume": 0.02762495610441297,
        "Returns": 0.3087547533145013,
        "MA_5": 0.0004044283421707984,
        "MA_20": 0.00036732273523723525,
        "Volatility": 0.40716723251137255,
        "RSI": 0.45835668734392154,
        "MACD": 0.5516014476657946,
        "MACD_Signal": 0.5210249284448494
    }
}