{
    "feature_order": [
        "Open",
        "High",
        "Low",
        "Close",
        "Adj Close",
        "Volume",
        "Returns",
        "MA_5",
        "MA_20",
        "Volatility",
        "RSI",
        "MACD",
        "MACD_Signal"
    ],
    "min_values": [
        20.600000381469727,
        20.959999084472656,
        20.09000015258789,
        20.479999542236328,
        9.46397590637207,
        0.0,
        -2.8481700417252114,
        20.886000061035155,
        21.332500076293947,
        -1.9017515000750687,
        2.9956577139043077,
        -8.898998607314724,
        -8.069931282731297
    ],
    "max_values": [
        98.91999816894533,
        100.29000091552734,
        97.62999725341795,
        98.66999816894533,
        49.12950134277344,
        15795700.0,
        2.90691874935097,
        97.43999938964843,
        93.78549995422364,
        4.2034112044636744,
        96.65921144578193,
        4.673840559534838,
        4.077992115111686
    ],
    "feature_names": [
        "Open",
        "High",
        "Low",
        "Close",
        "Adj Close",
        "Volume",
        "Returns",
        "MA_5",
        "MA_20",
        "Volatility",
        "RSI",
        "MACD",
        "MACD_Signal"
    ],
    "sample_original": {
        "Open": 23.25,
        "High": 23.9375,
        "Low": 22.0,
        "Close": 22.75,
        "Adj Close": 10.345006942749023,
        "Volume": 3546500.0,
        "Returns": 1.1964915402374114,
        "MA_5": 22.9375,
        "MA_20": 22.379464285714285,
        "Volatility": 2.0299877205308388,
        "RSI": 63.698630136986296,
        "MACD": 0.6935987840798994,
        "MACD_Signal": 0.6381469882478585
    },
    "sample_scaled": {
        "Open": 0.03383554256118787,
        "High": 0.037533100300040145,
        "Low": 0.024632446722024193,
        "Close": 0.029031851868945524,
        "Adj Close": 0.0222115054996454,
        "Volume": 0.22452312971251673,
        "Returns": 0.7027974248171913,
        "MA_5": 0.026798076612021826,
        "MA_20": 0.014450253422001624,
        "Volatility": 0.644002365028363,
        "RSI": 0.6480959776184771,
        "MACD": 0.7067495071203437,
        "MACD_Signal": 0.7168367782534243
    }
}