{
    "feature_order": [
        "Open",
        "High",
        "Low",
        "Close",
        "Adj Close",
        "Volume",
        "Returns",
        "MA_5",
        "MA_20",
        "Volatility",
        "RSI",
        "MACD",
        "MACD_Signal"
    ],
    "min_values": [
        0.800000011920929,
        0.8133329749107361,
        0.6666669845581055,
        0.7444440126419067,
        0.7444440126419067,
        53550.0,
        -3.3271554389931963,
        0.8271109938621521,
        0.991888889670372,
        -1.6590970449714362,
        4.872432703966609,
        -16.726838523378945,
        -12.800809344868409
    ],
    "max_values": [
        204.1199951171875,
        206.3333282470703,
        202.5733337402344,
        206.0966644287109,
        206.0966644287109,
        13730400.0,
        3.7054281498110933,
        203.61866760253903,
        199.01516647338866,
        4.339021692367073,
        97.53697523260271,
        5.750260873752836,
        4.891107923744633
    ],
    "feature_names": [
        "Open",
        "High",
        "Low",
        "Close",
        "Adj Close",
        "Volume",
        "Returns",
        "MA_5",
        "MA_20",
        "Volatility",
        "RSI",
        "MACD",
        "MACD_Signal"
    ],
    "sample_original": {
        "Open": 2.222222089767456,
        "High": 2.2361109256744385,
        "Low": 2.097222089767456,
        "Close": 2.166666984558105,
        "Adj Close": 2.166666984558105,
        "Volume": 584550.0,
        "Returns": -0.9919363596130442,
        "MA_5": 2.1250000476837156,
        "MA_20": 2.1537697996412004,
        "Volatility": 2.486198984630159,
        "RSI": 54.71698327096577,
        "MACD": 0.030703891692280827,
        "MACD_Signal": 0.030482142454284513
    },
    "sample_scaled": {
        "Open": 0.006994993665577201,
        "High": 0.006922820083172883,
        "Low": 0.007085229666737256,
        "Close": 0.006925773527233349,
        "Adj Close": 0.006925773527233349,
        "Volume": 0.03882472937847531,
        "Returns": 0.33205706692171666,
        "MA_5": 0.00640011386828139,
        "MA_20": 0.0058673956120114225,
        "Volatility": 0.6910993615042956,
        "RSI": 0.5379031634629363,
        "MACD": 0.7455384753608196,
        "MACD_Signal": 0.7252629148388847
    }
}