{
    "feature_order": [
        "Open",
        "High",
        "Low",
        "Close",
        "Adj Close",
        "Volume",
        "Returns",
        "MA_5",
        "MA_20",
        "Volatility",
        "RSI",
        "MACD",
        "MACD_Signal"
    ],
    "min_values": [
        33.93000030517578,
        36.0,
        31.950000762939453,
        33.0099983215332,
        33.0099983215332,
        804900.0,
        -2.855969957896697,
        37.40399932861328,
        48.532250213623044,
        -2.0514734569023165,
        5.940911720692569,
        -18.738403883717638,
        -16.57250156703305
    ],
    "max_values": [
        290.989990234375,
        298.4800109863281,
        283.0199890136719,
        293.17999267578125,
        293.17999267578125,
        11922800.0,
        3.037814709996761,
        284.5779968261719,
        280.57749938964844,
        3.3715845956377866,
        97.3915876207189,
        19.243694777725352,
        16.355354944692344
    ],
    "feature_names": [
        "Open",
        "High",
        "Low",
        "Close",
        "Adj Close",
        "Volume",
        "Returns",
        "MA_5",
        "MA_20",
        "Volatility",
        "RSI",
        "MACD",
        "MACD_Signal"
    ],
    "sample_original": {
        "Open": 69.0999984741211,
        "High": 69.72899627685547,
        "Low": 61.810001373291016,
        "Close": 63.20000076293945,
        "Adj Close": 63.20000076293945,
        "Volume": 2670900.0,
        "Returns": -2.216764189068731,
        "MA_5": 63.78800048828125,
        "MA_20": 67.67428643362862,
        "Volatility": 3.2811920007929074,
        "RSI": 54.85255850680847,
        "MACD": 1.6823286260588475,
        "MACD_Signal": 2.3486353650266887
    },
    "sample_scaled": {
        "Open": 0.13681630571382195,
        "High": 0.12850119957748832,
        "Low": 0.11893098342176886,
        "Close": 0.11603952452833385,
        "Adj Close": 0.11603952452833385,
        "Volume": 0.16783745131724517,
        "Returns": 0.1084542114865607,
        "MA_5": 0.10674262433259618,
        "MA_20": 0.08249268747357447,
        "Volatility": 0.9833318039436181,
        "RSI": 0.5348418292674623,
        "MACD": 0.5376409737597336,
        "MACD_Signal": 0.5746240094711919
    }
}