{
    "feature_order": [
        "Open",
        "High",
        "Low",
        "Close",
        "Adj Close",
        "Volume",
        "Returns",
        "MA_5",
        "MA_20",
        "Volatility",
        "RSI",
        "MACD",
        "MACD_Signal"
    ],
    "min_values": [
        6.5416669845581055,
        7.1041669845581055,
        6.458333015441895,
        6.6666669845581055,
        3.71314549446106,
        656400.0,
        -3.004740506465036,
        6.791666793823242,
        7.588541746139526,
        -1.5827765452877045,
        0.0,
        -2.3092159536893675,
        -2.0574311853806724
    ],
    "max_values": [
        55.65999984741211,
        56.23500061035156,
        55.28499984741211,
        55.60499954223633,
        50.77352523803711,
        15872400.0,
        3.3658523487717735,
        55.23400039672852,
        54.05075035095215,
        4.067673662170845,
        99.13580688792504,
        2.1755905705270564,
        1.9501448661512244
    ],
    "feature_names": [
        "Open",
        "High",
        "Low",
        "Close",
        "Adj Close",
        "Volume",
        "Returns",
        "MA_5",
        "MA_20",
        "Volatility",
        "RSI",
        "MACD",
        "MACD_Signal"
    ],
    "sample_original": {
        "Open": 10.416666984558104,
        "High": 10.416666984558104,
        "Low": 9.759259223937988,
        "Close": 9.814814567565918,
        "Adj Close": 5.466575622558594,
        "Volume": 6173550.0,
        "Returns": -2.2928370075904625,
        "MA_5": 9.970370483398437,
        "MA_20": 9.721560955047607,
        "Volatility": 2.6858897769862895,
        "RSI": 47.768594506675726,
        "MACD": 0.004576526612472875,
        "MACD_Signal": -0.051884555706921534
    },
    "sample_scaled": {
        "Open": 0.07889111405347568,
        "High": 0.06742201903655368,
        "Low": 0.06760498765676026,
        "Close": 0.06432886897602075,
        "Adj Close": 0.037259158078444626,
        "Volume": 0.36258872239747636,
        "Returns": 0.11174839062103437,
        "MA_5": 0.06561830228146884,
        "MA_20": 0.0459086916648887,
        "Volatility": 0.7554559664359821,
        "RSI": 0.48185006009664144,
        "MACD": 0.5159180151491822,
        "MACD_Signal": 0.500438819846508
    }
}