{
    "feature_order": [
        "Open",
        "High",
        "Low",
        "Close",
        "Adj Close",
        "Volume",
        "Returns",
        "MA_5",
        "MA_20",
        "Volatility",
        "RSI",
        "MACD",
        "MACD_Signal"
    ],
    "min_values": [
        11.606081008911133,
        12.053544998168944,
        11.074719429016112,
        11.643369674682615,
        9.81926727294922,
        248655.0,
        -3.1152286162933116,
        12.29964942932129,
        13.132583904266358,
        -1.7247411431038737,
        2.8673872675224175,
        -4.299367326371652,
        -3.65241892545777
    ],
    "max_values": [
        153.3800048828125,
        153.38999938964844,
        152.52999877929688,
        153.1300048828125,
        148.1931610107422,
        8771009.0,
        3.0431992936572723,
        152.13199768066406,
        149.24399948120117,
        3.892948080821084,
        96.06300158645372,
        4.641438583824254,
        4.346401350360907
    ],
    "feature_names": [
        "Open",
        "High",
        "Low",
        "Close",
        "Adj Close",
        "Volume",
        "Returns",
        "MA_5",
        "MA_20",
        "Volatility",
        "RSI",
        "MACD",
        "MACD_Signal"
    ],
    "sample_original": {
        "Open": 15.002840995788574,
        "High": 15.090235710144045,
        "Low": 14.886314392089844,
        "Close": 14.944578170776367,
        "Adj Close": 11.839214324951172,
        "Volume": 1187708.0,
        "Returns": -0.23335350289458237,
        "MA_5": 15.084410285949707,
        "MA_20": 14.954981872013636,
        "Volatility": 0.4831795559465989,
        "RSI": 61.904778235951824,
        "MACD": 0.2356403234767992,
        "MACD_Signal": 0.2286738847835436
    },
    "sample_scaled": {
        "Open": 0.02395898973564868,
        "High": 0.021485544724108838,
        "Low": 0.02694558294735125,
        "Close": 0.023332299133678625,
        "Adj Close": 0.014597746709575019,
        "Volume": 0.1101870445653865,
        "Returns": 0.46795629591478877,
        "MA_5": 0.019914997434091045,
        "MA_20": 0.013389016343873059,
        "Volatility": 0.3930300540028532,
        "RSI": 0.6334782103199983,
        "MACD": 0.5072258245396899,
        "MACD_Signal": 0.48520815275401163
    }
}