{
    "feature_order": [
        "Open",
        "High",
        "Low",
        "Close",
        "Adj Close",
        "Volume",
        "Returns",
        "MA_5",
        "MA_20",
        "Volatility",
        "RSI",
        "MACD",
        "MACD_Signal"
    ],
    "min_values": [
        12.170000076293944,
        12.630000114440918,
        12.050000190734863,
        12.079999923706056,
        7.557733058929443,
        1155400.0,
        -2.9892877736053616,
        12.414000129699707,
        12.98899998664856,
        -1.6036091494299267,
        6.611565471202098,
        -7.132885120362296,
        -6.672184078645305
    ],
    "max_values": [
        75.625,
        75.828125,
        73.625,
        74.875,
        60.39683532714844,
        157538500.0,
        3.285289190913756,
        74.05,
        70.61015625,
        3.4182507713295864,
        95.8598985338925,
        4.387515123690498,
        3.7101378676059626
    ],
    "feature_names": [
        "Open",
        "High",
        "Low",
        "Close",
        "Adj Close",
        "Volume",
        "Returns",
        "MA_5",
        "MA_20",
        "Volatility",
        "RSI",
        "MACD",
        "MACD_Signal"
    ],
    "sample_original": {
        "Open": 48.0,
        "High": 49.125,
        "Low": 47.8125,
        "Close": 48.96875,
        "Adj Close": 27.81723403930664,
        "Volume": 55558200.0,
        "Returns": 1.095209437516368,
        "MA_5": 49.88125,
        "MA_20": 45.388392857142854,
        "Volatility": 2.2477643296193537,
        "RSI": 62.4113475177305,
        "MACD": 1.5817696528435619,
        "MACD_Signal": 0.8923793631507679
    },
    "sample_scaled": {
        "Open": 0.5646521151490913,
        "High": 0.5774696630896128,
        "Low": 0.5807957762085773,
        "Close": 0.5874472494860304,
        "Adj Close": 0.38341872043050645,
        "Volume": 0.34788158055442053,
        "Returns": 0.6509597753312066,
        "MA_5": 0.607879322946688,
        "MA_20": 0.562282935150004,
        "Volatility": 0.7669217261772594,
        "RSI": 0.6252193193046323,
        "MACD": 0.7564541672677254,
        "MACD_Signal": 0.7286003536547431
    }
}