{
    "feature_order": [
        "Open",
        "High",
        "Low",
        "Close",
        "Adj Close",
        "Volume",
        "Returns",
        "MA_5",
        "MA_20",
        "Volatility",
        "RSI",
        "MACD",
        "MACD_Signal"
    ],
    "min_values": [
        21.200000762939453,
        21.600000381469727,
        20.809999465942383,
        21.0,
        9.42322826385498,
        327500.0,
        -3.0368668628028064,
        21.3939998626709,
        22.278000164031983,
        -1.9205187729513047,
        3.0853007120191194,
        -3.7474519979049035,
        -3.286193257962852
    ],
    "max_values": [
        59.84999847412109,
        59.959999084472656,
        59.2400016784668,
        59.68000030517578,
        53.073184967041016,
        26255100.0,
        3.0795741617356067,
        59.34199981689453,
        58.2295000076294,
        5.102595800170426,
        99.02436755087041,
        1.3900495416175076,
        1.2801027935773448
    ],
    "feature_names": [
        "Open",
        "High",
        "Low",
        "Close",
        "Adj Close",
        "Volume",
        "Returns",
        "MA_5",
        "MA_20",
        "Volatility",
        "RSI",
        "MACD",
        "MACD_Signal"
    ],
    "sample_original": {
        "Open": 30.700000762939453,
        "High": 30.700000762939453,
        "Low": 30.420000076293945,
        "Close": 30.46999931335449,
        "Adj Close": 11.311371803283691,
        "Volume": 3167600.0,
        "Returns": -1.438186112313527,
        "MA_5": 30.37200012207031,
        "MA_20": 30.359285627092635,
        "Volatility": 0.8013968430583926,
        "RSI": 40.84506285519328,
        "MACD": -0.2059789132647083,
        "MACD_Signal": -0.24061085846450142
    },
    "sample_scaled": {
        "Open": 0.24579561610818945,
        "High": 0.2372262953376313,
        "Low": 0.25006505482894925,
        "Close": 0.24482934949944424,
        "Adj Close": 0.04325648138136401,
        "Volume": 0.10953964115459973,
        "Returns": 0.26137434237910045,
        "MA_5": 0.23658691552201705,
        "MA_20": 0.22478298536131436,
        "Volatility": 0.3875653155975529,
        "RSI": 0.39358066934921493,
        "MACD": 0.689337620124473,
        "MACD_Signal": 0.666969982918888
    }
}