{
    "feature_order": [
        "Open",
        "High",
        "Low",
        "Close",
        "Adj Close",
        "Volume",
        "Returns",
        "MA_5",
        "MA_20",
        "Volatility",
        "RSI",
        "MACD",
        "MACD_Signal"
    ],
    "min_values": [
        31.209999084472656,
        33.7599983215332,
        30.56999969482422,
        31.06999969482422,
        21.674705505371094,
        201900.0,
        -3.0123862975956697,
        33.0359992980957,
        36.22599983215332,
        -1.4313539840600038,
        3.658469451760567,
        -7.958452054440187,
        -6.565470455407798
    ],
    "max_values": [
        244.57000732421875,
        244.9900054931641,
        241.72000122070312,
        243.1999969482422,
        207.09263610839844,
        24806200.0,
        3.3584533093862388,
        242.57599792480468,
        240.61249923706055,
        3.893644527698335,
        96.53531479610938,
        7.082099551322187,
        6.490174030047344
    ],
    "feature_names": [
        "Open",
        "High",
        "Low",
        "Close",
        "Adj Close",
        "Volume",
        "Returns",
        "MA_5",
        "MA_20",
        "Volatility",
        "RSI",
        "MACD",
        "MACD_Signal"
    ],
    "sample_original": {
        "Open": 73.375,
        "High": 75.0,
        "Low": 72.0,
        "Close": 74.6875,
        "Adj Close": 52.10266876220703,
        "Volume": 8154300.0,
        "Returns": 2.257077421715664,
        "MA_5": 71.175,
        "MA_20": 66.79464285714286,
        "Volatility": 3.301762700749417,
        "RSI": 65.11254019292605,
        "MACD": 2.3952550136612416,
        "MACD_Signal": 1.367691633736328
    },
    "sample_scaled": {
        "Open": 0.197623731192154,
        "High": 0.19523742024473834,
        "Low": 0.19621122427554447,
        "Close": 0.20561684283184514,
        "Adj Close": 0.1641047505916838,
        "Volume": 0.3232117963120268,
        "Returns": 0.8271223330652433,
        "MA_5": 0.1820129853577412,
        "MA_20": 0.14956292668054574,
        "Volatility": 0.888848452137224,
        "RSI": 0.6616726753941661,
        "MACD": 0.6883861270177545,
        "MACD_Signal": 0.6076423188439452
    }
}