{
    "feature_order": [
        "Open",
        "High",
        "Low",
        "Close",
        "Adj Close",
        "Volume",
        "Returns",
        "MA_5",
        "MA_20",
        "Volatility",
        "RSI",
        "MACD",
        "MACD_Signal"
    ],
    "min_values": [
        5.980000019073486,
        6.170000076293945,
        5.920000076293945,
        6.0,
        6.0,
        9126400.0,
        -2.240620181690448,
        6.216000080108643,
        6.520500040054321,
        -1.5428367642097909,
        7.462669099301081,
        -1.8579608041184592,
        -1.463798030161757
    ],
    "max_values": [
        39.540000915527344,
        45.0,
        36.130001068115234,
        39.0,
        39.0,
        159576425.0,
        3.5875073357600336,
        36.2879997253418,
        33.04449987411499,
        3.4729727168050273,
        91.31034324909079,
        4.0863283494574745,
        3.5570250552121143
    ],
    "feature_names": [
        "Open",
        "High",
        "Low",
        "Close",
        "Adj Close",
        "Volume",
        "Returns",
        "MA_5",
        "MA_20",
        "Volatility",
        "RSI",
        "MACD",
        "MACD_Signal"
    ],
    "sample_original": {
        "Open": 9.789999961853027,
        "High": 9.81999969482422,
        "Low": 9.529999732971191,
        "Close": 9.56999969482422,
        "Adj Close": 9.56999969482422,
        "Volume": 9126400.0,
        "Returns": -0.424811335625812,
        "MA_5": 9.6,
        "MA_20": 9.63785709653582,
        "Volatility": 0.014108931030063318,
        "RSI": 51.16278553989054,
        "MACD": 0.04856894192485228,
        "MACD_Signal": 0.05023315493474765
    },
    "sample_scaled": {
        "Open": 0.11352800479758415,
        "High": 0.09399947529492311,
        "Low": 0.1194968400581839,
        "Close": 0.10818180893406731,
        "Adj Close": 0.10818180893406731,
        "Volume": 0.0,
        "Returns": 0.3115595601894042,
        "MA_5": 0.112529926836035,
        "MA_20": 0.1175296741058775,
        "Volatility": 0.3104076622393654,
        "RSI": 0.5211845991401188,
        "MACD": 0.32073300890761536,
        "MACD_Signal": 0.30155039509498344
    }
}