{
    "feature_order": [
        "Open",
        "High",
        "Low",
        "Close",
        "Adj Close",
        "Volume",
        "Returns",
        "MA_5",
        "MA_20",
        "Volatility",
        "RSI",
        "MACD",
        "MACD_Signal"
    ],
    "min_values": [
        20.01000022888184,
        20.46999931335449,
        19.71999931335449,
        20.21999931335449,
        17.894935607910156,
        38900.0,
        -2.9473388397166924,
        19.82400016784668,
        19.271428653172084,
        -1.8588543776161859,
        11.05660492519155,
        -12.326256631554841,
        -10.731587468832256
    ],
    "max_values": [
        207.6699981689453,
        208.7100067138672,
        205.6000061035156,
        208.1300048828125,
        200.2259979248047,
        2431775.0,
        3.06390076673214,
        205.74400024414064,
        200.37250061035158,
        5.3374708390462775,
        99.04157170540273,
        6.556844542567404,
        5.958110421063441
    ],
    "feature_names": [
        "Open",
        "High",
        "Low",
        "Close",
        "Adj Close",
        "Volume",
        "Returns",
        "MA_5",
        "MA_20",
        "Volatility",
        "RSI",
        "MACD",
        "MACD_Signal"
    ],
    "sample_original": {
        "Open": 20.01000022888184,
        "High": 20.46999931335449,
        "Low": 19.71999931335449,
        "Close": 20.3700008392334,
        "Adj Close": 18.02767944335937,
        "Volume": 139200.0,
        "Returns": 0.7900495192089475,
        "MA_5": 19.82400016784668,
        "MA_20": 19.271428653172084,
        "Volatility": 0.71936873273796,
        "RSI": 76.45503499834504,
        "MACD": 0.409065282796945,
        "MACD_Signal": 0.2723262046868467
    },
    "sample_scaled": {
        "Open": 0.0,
        "High": 0.0,
        "Low": 0.0,
        "Close": 0.0007982625801342125,
        "Adj Close": 0.0007280374159094466,
        "Volume": 0.04191610510369326,
        "Returns": 0.6217333867237942,
        "MA_5": 0.0,
        "MA_20": 0.0,
        "Volatility": 0.3582693989961008,
        "RSI": 0.7432909560166174,
        "MACD": 0.6744295757841148,
        "MACD_Signal": 0.6593237185066788
    }
}