{
    "feature_order": [
        "Open",
        "High",
        "Low",
        "Close",
        "Adj Close",
        "Volume",
        "Returns",
        "MA_5",
        "MA_20",
        "Volatility",
        "RSI",
        "MACD",
        "MACD_Signal"
    ],
    "min_values": [
        2.5090949535369877,
        2.5581610202789307,
        2.5031180381774902,
        2.547950029373169,
        2.538827896118164,
        158434.0,
        -2.9835157738715723,
        2.5188087940216066,
        2.5825201352437337,
        -2.088858927722384,
        4.789659466232621,
        -4.661942824473378,
        -4.009877768898982
    ],
    "max_values": [
        94.9000015258789,
        96.74299621582033,
        94.35549926757812,
        95.05249786376952,
        94.7121810913086,
        472971872.0,
        3.202792059002427,
        92.0625,
        89.17652435302735,
        4.149923073257887,
        99.16308583991218,
        3.0832980763247377,
        2.7636734402587217
    ],
    "feature_names": [
        "Open",
        "High",
        "Low",
        "Close",
        "Adj Close",
        "Volume",
        "Returns",
        "MA_5",
        "MA_20",
        "Volatility",
        "RSI",
        "MACD",
        "MACD_Signal"
    ],
    "sample_original": {
        "Open": 2.5090949535369877,
        "High": 2.566132068634033,
        "Low": 2.5031180381774902,
        "Close": 2.547950029373169,
        "Adj Close": 2.538827896118164,
        "Volume": 100186120.0,
        "Returns": 0.3581062721442945,
        "MA_5": 2.5188087940216066,
        "MA_20": 2.584971649306161,
        "Volatility": 1.6057640289537871,
        "RSI": 53.260139562181216,
        "MACD": 0.003955018770916752,
        "MACD_Signal": 0.014593980157839614
    },
    "sample_scaled": {
        "Open": 0.0,
        "High": 8.46319722124407e-05,
        "Low": 0.0,
        "Close": 0.0,
        "Adj Close": 0.0,
        "Volume": 0.21155846674560885,
        "Returns": 0.5401642039632282,
        "MA_5": 0.0,
        "MA_20": 2.8310436554726537e-05,
        "Volatility": 0.5922026055880223,
        "RSI": 0.5136030549958589,
        "MACD": 0.6024212678476525,
        "MACD_Signal": 0.5941450244911145
    }
}