{
    "feature_order": [
        "Open",
        "High",
        "Low",
        "Close",
        "Adj Close",
        "Volume",
        "Returns",
        "MA_5",
        "MA_20",
        "Volatility",
        "RSI",
        "MACD",
        "MACD_Signal"
    ],
    "min_values": [
        1.75,
        1.899999976158142,
        1.590000033378601,
        1.690000057220459,
        1.6543318033218384,
        1201500.0,
        -2.830983244762878,
        1.9839999675750732,
        2.082999986410141,
        -1.5452930558010327,
        2.094239007779194,
        -9.17416333580018,
        -8.832008900906828
    ],
    "max_values": [
        97.0,
        97.5,
        93.875,
        96.5625,
        94.5245132446289,
        79097700.0,
        3.1652609496722834,
        94.1375,
        90.215625,
        4.485396075898502,
        100.0,
        7.499281463871149,
        6.856163090779582
    ],
    "feature_names": [
        "Open",
        "High",
        "Low",
        "Close",
        "Adj Close",
        "Volume",
        "Returns",
        "MA_5",
        "MA_20",
        "Volatility",
        "RSI",
        "MACD",
        "MACD_Signal"
    ],
    "sample_original": {
        "Open": 35.75,
        "High": 35.75,
        "Low": 32.5625,
        "Close": 33.5625,
        "Adj Close": 32.85415267944336,
        "Volume": 15470200.0,
        "Returns": -1.1760589983404006,
        "MA_5": 35.58125,
        "MA_20": 36.450892857142854,
        "Volatility": 0.5400940662803316,
        "RSI": 35.64154786150712,
        "MACD": -0.6694255829145561,
        "MACD_Signal": -0.37614068513364474
    },
    "sample_scaled": {
        "Open": 0.3569553805774278,
        "High": 0.3540794980690371,
        "Low": 0.33561792249903943,
        "Close": 0.33595088104564336,
        "Adj Close": 0.33595089825294966,
        "Volume": 0.18317581602183416,
        "Returns": 0.2759934707059356,
        "MA_5": 0.36457920774146907,
        "MA_20": 0.38995653273045316,
        "Volatility": 0.34579582474576537,
        "RSI": 0.342648977074939,
        "MACD": 0.5100768230601795,
        "MACD_Signal": 0.5389963993417574
    }
}