{
    "feature_order": [
        "Open",
        "High",
        "Low",
        "Close",
        "Adj Close",
        "Volume",
        "Returns",
        "MA_5",
        "MA_20",
        "Volatility",
        "RSI",
        "MACD",
        "MACD_Signal"
    ],
    "min_values": [
        10.5,
        11.130000114440918,
        10.229999542236328,
        10.75,
        9.776826858520508,
        51800.0,
        -2.6904312036267006,
        10.90399990081787,
        11.544999885559083,
        -2.2365563150068057,
        6.723477733144421,
        -14.114083691540486,
        -11.75941104662784
    ],
    "max_values": [
        233.80999755859372,
        239.91000366210935,
        229.8999938964844,
        238.8999938964844,
        225.9573516845703,
        8856000.0,
        2.9737023095486226,
        230.1980010986328,
        226.86750030517578,
        3.4012446008604407,
        93.17886354486792,
        7.165332961869069,
        5.900228115793798
    ],
    "feature_names": [
        "Open",
        "High",
        "Low",
        "Close",
        "Adj Close",
        "Volume",
        "Returns",
        "MA_5",
        "MA_20",
        "Volatility",
        "RSI",
        "MACD",
        "MACD_Signal"
    ],
    "sample_original": {
        "Open": 10.5,
        "High": 11.130000114440918,
        "Low": 10.229999542236328,
        "Close": 10.75,
        "Adj Close": 9.776826858520508,
        "Volume": 1112200.0,
        "Returns": 0.22944325312924874,
        "MA_5": 11.021999931335449,
        "MA_20": 12.132142884390694,
        "Volatility": 0.2014019480263776,
        "RSI": 11.94379799080724,
        "MACD": -0.8092597404090061,
        "MACD_Signal": -0.5835054378844517
    },
    "sample_scaled": {
        "Open": 0.0,
        "High": 0.0,
        "Low": 0.0,
        "Close": 0.0,
        "Adj Close": 0.0,
        "Volume": 0.12044251607187478,
        "Returns": 0.5155024064958988,
        "MA_5": 0.0005380905536542108,
        "MA_20": 0.002726807452483583,
        "Volatility": 0.4324307117996484,
        "RSI": 0.06038166632014422,
        "MACD": 0.6252438291817402,
        "MACD_Signal": 0.632850167885925
    }
}