{
    "feature_order": [
        "Open",
        "High",
        "Low",
        "Close",
        "Adj Close",
        "Volume",
        "Returns",
        "MA_5",
        "MA_20",
        "Volatility",
        "RSI",
        "MACD",
        "MACD_Signal"
    ],
    "min_values": [
        7.960000038146973,
        8.140000343322754,
        7.25,
        7.739999771118164,
        2.5559585094451904,
        118600.0,
        -3.2392876445451333,
        8.307999992370606,
        9.044500017166138,
        -1.6751850641185366,
        5.426337104169406,
        -3.697920322852262,
        -3.3849363411866484
    ],
    "max_values": [
        58.619998931884766,
        58.93999862670898,
        58.34999847412109,
        58.77000045776367,
        49.97626876831055,
        7059600.0,
        3.137169788036534,
        58.422000122070315,
        57.16750011444092,
        4.436255332476802,
        99.58676774029814,
        2.12322145563418,
        1.9092475831618234
    ],
    "feature_names": [
        "Open",
        "High",
        "Low",
        "Close",
        "Adj Close",
        "Volume",
        "Returns",
        "MA_5",
        "MA_20",
        "Volatility",
        "RSI",
        "MACD",
        "MACD_Signal"
    ],
    "sample_original": {
        "Open": 22.5,
        "High": 24.0,
        "Low": 22.375,
        "Close": 23.5625,
        "Adj Close": 7.19222354888916,
        "Volume": 1470400.0,
        "Returns": 3.137169788036534,
        "MA_5": 22.3125,
        "MA_20": 21.15625,
        "Volatility": 1.4259365443065146,
        "RSI": 80.85106382978724,
        "MACD": 0.6920741630063816,
        "MACD_Signal": 0.40187471766537775
    },
    "sample_scaled": {
        "Open": 0.28701145438932,
        "High": 0.3122047282010273,
        "Low": 0.2959882671554257,
        "Close": 0.31006270852397944,
        "Adj Close": 0.097769605768811,
        "Volume": 0.19475579887624261,
        "Returns": 1.0,
        "MA_5": 0.2794528469366732,
        "MA_20": 0.2516831859682779,
        "Volatility": 0.5074289213640495,
        "RSI": 0.8010235957510358,
        "MACD": 0.7541466353015178,
        "MACD_Signal": 0.7152775787475214
    }
}