{
    "feature_order": [
        "Open",
        "High",
        "Low",
        "Close",
        "Adj Close",
        "Volume",
        "Returns",
        "MA_5",
        "MA_20",
        "Volatility",
        "RSI",
        "MACD",
        "MACD_Signal"
    ],
    "min_values": [
        18.07999992370605,
        18.270000457763672,
        17.549999237060547,
        17.729999542236328,
        17.66253089904785,
        5913100.0,
        -3.0348909184986734,
        18.46199951171875,
        19.259499931335448,
        -2.040462484670699,
        9.768078074043203,
        -29.04631135058449,
        -27.06265581991159
    ],
    "max_values": [
        381.6799926757813,
        384.3299865722656,
        378.80999755859375,
        382.1799926757813,
        380.7256774902344,
        86773150.0,
        3.012221534879439,
        379.0299987792969,
        373.42200317382816,
        3.5220919648205675,
        94.98100600958585,
        13.63001345391109,
        11.634320510428214
    ],
    "feature_names": [
        "Open",
        "High",
        "Low",
        "Close",
        "Adj Close",
        "Volume",
        "Returns",
        "MA_5",
        "MA_20",
        "Volatility",
        "RSI",
        "MACD",
        "MACD_Signal"
    ],
    "sample_original": {
        "Open": 27.0,
        "High": 27.350000381469727,
        "Low": 26.149999618530277,
        "Close": 26.309999465942383,
        "Adj Close": 26.20987892150879,
        "Volume": 26159500.0,
        "Returns": -0.9357700427710651,
        "MA_5": 26.721999740600587,
        "MA_20": 30.031428337097168,
        "Volatility": 2.9616402997000613,
        "RSI": 21.179876212303455,
        "MACD": -3.024268967293448,
        "MACD_Signal": -2.4017152707469793
    },
    "sample_scaled": {
        "Open": 0.02453245394417858,
        "High": 0.024804677561414405,
        "Low": 0.023805570562549387,
        "Close": 0.023542324284149714,
        "Adj Close": 0.023542317921034693,
        "Volume": 0.25038817067266217,
        "Returns": 0.34712780552889694,
        "MA_5": 0.022908300918718177,
        "MA_20": 0.030415214222681994,
        "Volatility": 0.8992456307242507,
        "RSI": 0.1339209720254237,
        "MACD": 0.6097535929464537,
        "MACD_Signal": 0.6372833975100415
    }
}