{
    "feature_order": [
        "Open",
        "High",
        "Low",
        "Close",
        "Adj Close",
        "Volume",
        "Returns",
        "MA_5",
        "MA_20",
        "Volatility",
        "RSI",
        "MACD",
        "MACD_Signal"
    ],
    "min_values": [
        11.039999961853027,
        11.329999923706056,
        10.770000457763672,
        10.949999809265137,
        10.682165145874023,
        606100.0,
        -3.0882070246096656,
        11.223999977111816,
        11.582499980926514,
        -1.5840599358821776,
        3.6196330073834275,
        -5.81464775944886,
        -5.381646001766794
    ],
    "max_values": [
        149.05999755859375,
        151.25999450683594,
        147.7100067138672,
        148.92999267578125,
        145.2871856689453,
        15068300.0,
        3.3375889154190195,
        148.33799743652344,
        145.28249969482422,
        4.527499954824994,
        96.34520821480986,
        5.105070951099961,
        4.782105059764454
    ],
    "feature_names": [
        "Open",
        "High",
        "Low",
        "Close",
        "Adj Close",
        "Volume",
        "Returns",
        "MA_5",
        "MA_20",
        "Volatility",
        "RSI",
        "MACD",
        "MACD_Signal"
    ],
    "sample_original": {
        "Open": 19.5,
        "High": 19.75,
        "Low": 17.15625,
        "Close": 17.25,
        "Adj Close": 16.828065872192383,
        "Volume": 8121200.0,
        "Returns": -3.0882070246096656,
        "MA_5": 19.278125,
        "MA_20": 21.457589285714285,
        "Volatility": 2.922359613626039,
        "RSI": 27.077747989276133,
        "MACD": -1.5733782204800697,
        "MACD_Signal": -1.0429554428905794
    },
    "sample_scaled": {
        "Open": 0.06129546576913397,
        "High": 0.060172946489265924,
        "Low": 0.04663538228772125,
        "Close": 0.045658794872018696,
        "Adj Close": 0.04565877782593521,
        "Volume": 0.5196373995657646,
        "Returns": 0.0,
        "MA_5": 0.05874035599663964,
        "MA_20": 0.07386005479371206,
        "Volatility": 0.7373599588478836,
        "RSI": 0.252984302652392,
        "MACD": 0.388404651382785,
        "MACD_Signal": 0.4268788690917187
    }
}