{
    "feature_order": [
        "Open",
        "High",
        "Low",
        "Close",
        "Adj Close",
        "Volume",
        "Returns",
        "MA_5",
        "MA_20",
        "Volatility",
        "RSI",
        "MACD",
        "MACD_Signal"
    ],
    "min_values": [
        0.959999978542328,
        1.0,
        0.8899999856948853,
        0.9100000262260436,
        0.9100000262260436,
        13900.0,
        -3.176057382572403,
        1.0120000123977662,
        1.1675000011920929,
        -1.2931637982943591,
        4.838716293263985,
        -1.8247020189978844,
        -1.6191810693322521
    ],
    "max_values": [
        27.07999992370605,
        27.100000381469727,
        26.299999237060547,
        26.799999237060547,
        26.799999237060547,
        22115825.0,
        3.3973970545081746,
        26.245999908447267,
        25.560499954223634,
        3.4404670160105955,
        100.0,
        1.123152432621513,
        0.9760275735167068
    ],
    "feature_names": [
        "Open",
        "High",
        "Low",
        "Close",
        "Adj Close",
        "Volume",
        "Returns",
        "MA_5",
        "MA_20",
        "Volatility",
        "RSI",
        "MACD",
        "MACD_Signal"
    ],
    "sample_original": {
        "Open": 23.25,
        "High": 24.5,
        "Low": 21.5,
        "Close": 22.75,
        "Adj Close": 22.75,
        "Volume": 1248800.0,
        "Returns": -1.5993917000922822,
        "MA_5": 22.5125,
        "MA_20": 21.589285714285715,
        "Volatility": 1.2624048328685122,
        "RSI": 44.444444444444436,
        "MACD": -0.3587128943595239,
        "MACD_Signal": -0.6069193351433186
    },
    "sample_scaled": {
        "Open": 0.8533690684629882,
        "High": 0.9003831286027238,
        "Low": 0.8110980173758735,
        "Close": 0.8435689702390684,
        "Adj Close": 0.8435689702390684,
        "Volume": 0.055872961291833174,
        "Returns": 0.2398534435085177,
        "MA_5": 0.8520448631280306,
        "MA_20": 0.8371986124058357,
        "Volatility": 0.53987493562869,
        "RSI": 0.4161958162863344,
        "MACD": 0.49730715973206285,
        "MACD_Signal": 0.39005023236886893
    }
}