{
    "feature_order": [
        "Open",
        "High",
        "Low",
        "Close",
        "Adj Close",
        "Volume",
        "Returns",
        "MA_5",
        "MA_20",
        "Volatility",
        "RSI",
        "MACD",
        "MACD_Signal"
    ],
    "min_values": [
        2.5210208892822266,
        2.570319890975952,
        2.515014886856079,
        2.5600600242614746,
        2.5508131980896,
        9312000.0,
        -3.028588565119669,
        2.5307808399200438,
        2.5947947025299074,
        -2.011391653156598,
        4.789758697888942,
        -4.695526471251085,
        -4.046317240139996
    ],
    "max_values": [
        94.68250274658205,
        96.60399627685548,
        93.97049713134766,
        94.62799835205078,
        94.28619384765624,
        459213132.0,
        3.18066034549986,
        91.6886993408203,
        88.88787422180175,
        4.218020772938608,
        98.09367846248756,
        3.0795964263989646,
        2.7608434633794223
    ],
    "feature_names": [
        "Open",
        "High",
        "Low",
        "Close",
        "Adj Close",
        "Volume",
        "Returns",
        "MA_5",
        "MA_20",
        "Volatility",
        "RSI",
        "MACD",
        "MACD_Signal"
    ],
    "sample_original": {
        "Open": 2.5210208892822266,
        "High": 2.5783278942108154,
        "Low": 2.515014886856079,
        "Close": 2.5600600242614746,
        "Adj Close": 2.5508131980896,
        "Volume": 99712188.0,
        "Returns": 0.35788275149424986,
        "MA_5": 2.5307808399200438,
        "MA_20": 2.597257903644017,
        "Volatility": 1.5962810634518092,
        "RSI": 53.260158172192995,
        "MACD": 0.003973993846484891,
        "MACD_Signal": 0.014663508291286041
    },
    "sample_scaled": {
        "Open": 0.0,
        "High": 8.516101403928389e-05,
        "Low": 0.0,
        "Close": 0.0,
        "Adj Close": 0.0,
        "Volume": 0.20093345308586597,
        "Returns": 0.54539145802677,
        "MA_5": 0.0,
        "MA_20": 2.854459625072775e-05,
        "Volatility": 0.5791353132272559,
        "RSI": 0.5194894233446202,
        "MACD": 0.6044278048026669,
        "MACD_Signal": 0.5965748313142785
    }
}