{
    "feature_order": [
        "Open",
        "High",
        "Low",
        "Close",
        "Adj Close",
        "Volume",
        "Returns",
        "MA_5",
        "MA_20",
        "Volatility",
        "RSI",
        "MACD",
        "MACD_Signal"
    ],
    "min_values": [
        14.850000381469728,
        16.34000015258789,
        14.8100004196167,
        15.1899995803833,
        8.387680053710938,
        269900.0,
        -3.3038259160095698,
        16.05800018310547,
        17.116000175476074,
        -1.1428271328973343,
        1.1188019287698125,
        -6.150276439125719,
        -5.545407100241792
    ],
    "max_values": [
        103.11000061035156,
        104.22000122070312,
        102.61000061035156,
        103.58999633789062,
        90.7416000366211,
        15726600.0,
        3.3946983176388317,
        102.22199859619141,
        100.9419994354248,
        3.2620054388384565,
        97.48012334529854,
        5.551827850668957,
        4.608891476307411
    ],
    "feature_names": [
        "Open",
        "High",
        "Low",
        "Close",
        "Adj Close",
        "Volume",
        "Returns",
        "MA_5",
        "MA_20",
        "Volatility",
        "RSI",
        "MACD",
        "MACD_Signal"
    ],
    "sample_original": {
        "Open": 63.625,
        "High": 65.125,
        "Low": 61.875,
        "Close": 64.25,
        "Adj Close": 34.01358795166016,
        "Volume": 3352900.0,
        "Returns": 0.6272395425450776,
        "MA_5": 65.225,
        "MA_20": 58.54017857142857,
        "Volatility": 1.8652462774937413,
        "RSI": 65.47388781431334,
        "MACD": 2.8085955759360175,
        "MACD_Signal": 1.764360630365799
    },
    "sample_scaled": {
        "Open": 0.5526285915708546,
        "High": 0.555131989695803,
        "Low": 0.5360478300471558,
        "Close": 0.5549774006688558,
        "Adj Close": 0.3111680403709628,
        "Volume": 0.19946042816383833,
        "Returns": 0.5868554507585267,
        "MA_5": 0.5706211494640597,
        "MA_20": 0.49416862025699193,
        "Volatility": 0.682903007413446,
        "RSI": 0.6678518407542801,
        "MACD": 0.7655778647328162,
        "MACD_Signal": 0.7198692923496557
    }
}