{
    "feature_order": [
        "Open",
        "High",
        "Low",
        "Close",
        "Adj Close",
        "Volume",
        "Returns",
        "MA_5",
        "MA_20",
        "Volatility",
        "RSI",
        "MACD",
        "MACD_Signal"
    ],
    "min_values": [
        0.0608329996466636,
        0.0656670033931732,
        0.0599999986588954,
        0.0614169985055923,
        0.0563246272504329,
        45644000.0,
        -3.040125426150831,
        0.06418319940567012,
        0.07165829986333844,
        -1.3177954464536232,
        2.978711747751049,
        -0.07048561537083842,
        -0.06230277444262574
    ],
    "max_values": [
        5.432750225067139,
        5.466750144958496,
        5.364999771118164,
        5.423999786376953,
        5.365372180938721,
        1897200000.0,
        3.244843975574983,
        5.380799961090088,
        5.284437417984009,
        3.4231247494981827,
        99.42902946626162,
        0.2518314554104508,
        0.23541835677474104
    ],
    "feature_names": [
        "Open",
        "High",
        "Low",
        "Close",
        "Adj Close",
        "Volume",
        "Returns",
        "MA_5",
        "MA_20",
        "Volatility",
        "RSI",
        "MACD",
        "MACD_Signal"
    ],
    "sample_original": {
        "Open": 0.0940100029110908,
        "High": 0.0944010019302368,
        "Low": 0.0908849984407424,
        "Close": 0.0932290032505989,
        "Adj Close": 0.0854989439249038,
        "Volume": 544272000.0,
        "Returns": -0.39650468617653184,
        "MA_5": 0.09380200058221813,
        "MA_20": 0.09106207160013059,
        "Volatility": 0.5615930847368865,
        "RSI": 43.9113615916419,
        "MACD": -0.0010871947389279185,
        "MACD_Signal": -0.0016382374094948558
    },
    "sample_scaled": {
        "Open": 0.006176007907834123,
        "High": 0.0053200437364006245,
        "Low": 0.005821866372584115,
        "Close": 0.005932216993825496,
        "Adj Close": 0.005495207262591385,
        "Volume": 0.26930214371047917,
        "Returns": 0.42062587277646524,
        "MA_5": 0.005570986682734707,
        "MA_20": 0.003722346812919953,
        "Volatility": 0.3964185123376025,
        "RSI": 0.424391031695224,
        "MACD": 0.2153110304201087,
        "MACD_Signal": 0.20376295355682897
    }
}