{
    "feature_order": [
        "Open",
        "High",
        "Low",
        "Close",
        "Adj Close",
        "Volume",
        "Returns",
        "MA_5",
        "MA_20",
        "Volatility",
        "RSI",
        "MACD",
        "MACD_Signal"
    ],
    "min_values": [
        25.0,
        26.13999938964844,
        24.76000022888184,
        24.950000762939453,
        24.950000762939453,
        197200.0,
        -2.9165048223457086,
        25.777999877929688,
        27.17799997329712,
        -1.7057648561136467,
        10.26438283184602,
        -23.681207996979282,
        -21.360985812717765
    ],
    "max_values": [
        372.5,
        376.1099853515625,
        367.5400085449219,
        368.7799987792969,
        368.7799987792969,
        6305325.0,
        2.893015198281536,
        357.99599609375,
        345.4274963378906,
        3.4468675625192464,
        94.34839879133645,
        18.11460722902956,
        16.760629279850896
    ],
    "feature_names": [
        "Open",
        "High",
        "Low",
        "Close",
        "Adj Close",
        "Volume",
        "Returns",
        "MA_5",
        "MA_20",
        "Volatility",
        "RSI",
        "MACD",
        "MACD_Signal"
    ],
    "sample_original": {
        "Open": 28.61000061035156,
        "High": 29.149999618530277,
        "Low": 27.96999931335449,
        "Close": 28.530000686645508,
        "Adj Close": 28.530000686645508,
        "Volume": 1210400.0,
        "Returns": 0.5706695814312367,
        "MA_5": 27.68599967956543,
        "MA_20": 28.797142710004533,
        "Volatility": 1.3928266629038304,
        "RSI": 35.45868877916911,
        "MACD": -1.3632344729428176,
        "MACD_Signal": -1.2102590203890933
    },
    "sample_scaled": {
        "Open": 0.010388490965040464,
        "High": 0.008600738205045408,
        "Low": 0.009364604138503499,
        "Close": 0.010412122107902114,
        "Adj Close": 0.010412122107902114,
        "Volume": 0.16587741737439884,
        "Returns": 0.6002517232741098,
        "MA_5": 0.005743216271752602,
        "MA_20": 0.0050876521572008615,
        "Volatility": 0.6013608709622646,
        "RSI": 0.29963252420604025,
        "MACD": 0.5339762701924369,
        "MACD_Signal": 0.5285905841973838
    }
}