{
    "feature_order": [
        "Open",
        "High",
        "Low",
        "Close",
        "Adj Close",
        "Volume",
        "Returns",
        "MA_5",
        "MA_20",
        "Volatility",
        "RSI",
        "MACD",
        "MACD_Signal"
    ],
    "min_values": [
        6.599999904632568,
        7.139999866485596,
        6.300000190734863,
        6.599999904632568,
        6.541995525360107,
        36983.0,
        -3.361645246380743,
        7.272000026702881,
        7.6379999876022335,
        -1.3330188270232035,
        0.0,
        -56.72751425816455,
        -49.06607143144651
    ],
    "max_values": [
        2210.929931640625,
        2228.989990234375,
        2174.070068359375,
        2206.090087890625,
        2186.701904296875,
        2566700.0,
        3.7578756393998822,
        2184.85,
        2140.4440307617188,
        4.197856835577968,
        96.16679717159273,
        84.55733030711258,
        72.69515501937784
    ],
    "feature_names": [
        "Open",
        "High",
        "Low",
        "Close",
        "Adj Close",
        "Volume",
        "Returns",
        "MA_5",
        "MA_20",
        "Volatility",
        "RSI",
        "MACD",
        "MACD_Signal"
    ],
    "sample_original": {
        "Open": 374.25,
        "High": 387.0,
        "Low": 369.0,
        "Close": 381.0,
        "Adj Close": 377.6515808105469,
        "Volume": 825317.0,
        "Returns": 0.7983575544148569,
        "MA_5": 364.725,
        "MA_20": 340.1517857142857,
        "Volatility": 1.6618355709799688,
        "RSI": 69.83805668016194,
        "MACD": 14.659211424684258,
        "MACD_Signal": 8.767253155359692
    },
    "sample_scaled": {
        "Open": 0.16678537763438583,
        "High": 0.1709656375454123,
        "Low": 0.16731479280719047,
        "Close": 0.17022127180313615,
        "Adj Close": 0.1702212685372703,
        "Volume": 0.31162932454499853,
        "Returns": 0.5843093752423866,
        "MA_5": 0.1641516400228513,
        "MA_20": 0.15590437242246324,
        "Volatility": 0.54147924862131,
        "RSI": 0.7262179747501438,
        "MACD": 0.5052681050292437,
        "MACD_Signal": 0.47497324289981024
    }
}