{
    "feature_order": [
        "Open",
        "High",
        "Low",
        "Close",
        "Adj Close",
        "Volume",
        "Returns",
        "MA_5",
        "MA_20",
        "Volatility",
        "RSI",
        "MACD",
        "MACD_Signal"
    ],
    "min_values": [
        12.5625,
        12.71875,
        12.0,
        12.5,
        10.685181617736816,
        7400.0,
        -3.185063743928297,
        12.76875,
        13.540625,
        -1.7065557800628282,
        2.4806174959147143,
        -8.416567777075784,
        -6.521099537573286
    ],
    "max_values": [
        394.2699890136719,
        395.0,
        389.6199951171875,
        392.7300109863281,
        381.7630310058594,
        1424800.0,
        3.2390751869256564,
        390.7460021972656,
        384.6175003051758,
        4.866635882786698,
        100.0,
        10.384448776423199,
        9.710542871398978
    ],
    "feature_names": [
        "Open",
        "High",
        "Low",
        "Close",
        "Adj Close",
        "Volume",
        "Returns",
        "MA_5",
        "MA_20",
        "Volatility",
        "RSI",
        "MACD",
        "MACD_Signal"
    ],
    "sample_original": {
        "Open": 17.28125,
        "High": 18.28125,
        "Low": 17.28125,
        "Close": 18.25,
        "Adj Close": 15.56513500213623,
        "Volume": 197400.0,
        "Returns": 3.2390751869256564,
        "MA_5": 17.1625,
        "MA_20": 17.075892857142858,
        "Volatility": 1.300534890749739,
        "RSI": 56.52173913043478,
        "MACD": -0.1063093745185455,
        "MACD_Signal": -0.18955094070705258
    },
    "sample_scaled": {
        "Open": 0.012362214878710392,
        "High": 0.014550805199051747,
        "Low": 0.013985620645858704,
        "Close": 0.015122425463167215,
        "Adj Close": 0.013150753655724972,
        "Volume": 0.13404825737265416,
        "Returns": 1.0000000000000002,
        "MA_5": 0.011624376796376394,
        "MA_20": 0.00952704976357105,
        "Volatility": 0.4574780144945555,
        "RSI": 0.55415775045803,
        "MACD": 0.44201112098965994,
        "MACD_Signal": 0.39007442607079507
    }
}