{
    "feature_order": [
        "Open",
        "High",
        "Low",
        "Close",
        "Adj Close",
        "Volume",
        "Returns",
        "MA_5",
        "MA_20",
        "Volatility",
        "RSI",
        "MACD",
        "MACD_Signal"
    ],
    "min_values": [
        2.650000095367432,
        2.8399999141693115,
        2.4200000762939453,
        2.609999895095825,
        2.609999895095825,
        129400.0,
        -3.2233623341796145,
        2.949999952316284,
        3.38050000667572,
        -1.051040853037377,
        0.8086182350005942,
        -2.2151543713150694,
        -1.933194817235816
    ],
    "max_values": [
        37.36000061035156,
        37.5099983215332,
        36.77000045776367,
        37.18000030517578,
        37.18000030517578,
        7611000.0,
        3.6367574895753503,
        36.5759994506836,
        34.826499938964844,
        3.820800910507059,
        97.09301422969794,
        1.667964939216855,
        1.2876422831042897
    ],
    "feature_names": [
        "Open",
        "High",
        "Low",
        "Close",
        "Adj Close",
        "Volume",
        "Returns",
        "MA_5",
        "MA_20",
        "Volatility",
        "RSI",
        "MACD",
        "MACD_Signal"
    ],
    "sample_original": {
        "Open": 22.875,
        "High": 22.9375,
        "Low": 20.25,
        "Close": 21.875,
        "Adj Close": 21.875,
        "Volume": 2558700.0,
        "Returns": -2.5484530380583528,
        "MA_5": 22.5625,
        "MA_20": 22.075892857142858,
        "Volatility": 2.1906539397028117,
        "RSI": 49.044585987261144,
        "MACD": 0.09393745804218412,
        "MACD_Signal": 0.027126103850835942
    },
    "sample_scaled": {
        "Open": 0.582685093764304,
        "High": 0.579679867581476,
        "Low": 0.5190684054060312,
        "Close": 0.5572750904361247,
        "Adj Close": 0.5572750904361247,
        "Volume": 0.3247032720273738,
        "Returns": 0.09838156088530858,
        "MA_5": 0.5832540397389819,
        "MA_20": 0.5945237197329662,
        "Volatility": 0.6653941055716355,
        "RSI": 0.5009738831920081,
        "MACD": 0.5946486946961578,
        "MACD_Signal": 0.6086370903016645
    }
}