{
    "feature_order": [
        "Open",
        "High",
        "Low",
        "Close",
        "Adj Close",
        "Volume",
        "Returns",
        "MA_5",
        "MA_20",
        "Volatility",
        "RSI",
        "MACD",
        "MACD_Signal"
    ],
    "min_values": [
        15.5,
        16.0625,
        15.15625,
        15.84375,
        10.14006233215332,
        185900.0,
        -2.941930002738032,
        16.2875,
        17.496875,
        -1.6742147344993754,
        3.5928143712574894,
        -6.063154153811681,
        -5.300880580839932
    ],
    "max_values": [
        224.0399932861328,
        227.8500061035156,
        222.8699951171875,
        223.5500030517578,
        207.9027099609375,
        4630800.0,
        3.0746626877373044,
        222.2259979248047,
        214.1270004272461,
        4.653534552898248,
        99.2163714157931,
        5.668331302843399,
        5.028691397426552
    ],
    "feature_names": [
        "Open",
        "High",
        "Low",
        "Close",
        "Adj Close",
        "Volume",
        "Returns",
        "MA_5",
        "MA_20",
        "Volatility",
        "RSI",
        "MACD",
        "MACD_Signal"
    ],
    "sample_original": {
        "Open": 23.8125,
        "High": 23.875,
        "Low": 23.34375,
        "Close": 23.4375,
        "Adj Close": 14.870309829711914,
        "Volume": 1574400.0,
        "Returns": -0.7288262363264111,
        "MA_5": 24.8,
        "MA_20": 25.647321428571427,
        "Volatility": 1.9208119543996236,
        "RSI": 40.408163265306115,
        "MACD": -0.0971139621965662,
        "MACD_Signal": 0.2059469530763925
    },
    "sample_scaled": {
        "Open": 0.03986045970853473,
        "High": 0.036888389422657805,
        "Low": 0.039417227759197135,
        "Close": 0.036560045200505986,
        "Adj Close": 0.02391881153633034,
        "Volume": 0.31238048100069743,
        "Returns": 0.3678334034336595,
        "MA_5": 0.04133515630044174,
        "MA_20": 0.04145064959330011,
        "Volatility": 0.5681367142751487,
        "RSI": 0.38500292220778065,
        "MACD": 0.5085494257021542,
        "MACD_Signal": 0.5331128478026719
    }
}