{
    "feature_order": [
        "Open",
        "High",
        "Low",
        "Close",
        "Adj Close",
        "Volume",
        "Returns",
        "MA_5",
        "MA_20",
        "Volatility",
        "RSI",
        "MACD",
        "MACD_Signal"
    ],
    "min_values": [
        17.950000762939453,
        18.25,
        15.100000381469728,
        17.690000534057617,
        6.965501308441162,
        234600.0,
        -0.22784807281193142,
        18.80800018310547,
        21.13900022506714,
        0.003963677964565458,
        5.907149904793499,
        -3.8155408498115264,
        -3.04073230744108
    ],
    "max_values": [
        104.47000122070312,
        104.97000122070312,
        103.86000061035156,
        104.33000183105467,
        86.84222412109375,
        55709200.0,
        0.19841719179850892,
        103.64400024414063,
        102.72600021362305,
        0.09047193405384435,
        97.0085602453145,
        2.7645530970911096,
        2.3672304650935714
    ],
    "feature_names": [
        "Open",
        "High",
        "Low",
        "Close",
        "Adj Close",
        "Volume",
        "Returns",
        "MA_5",
        "MA_20",
        "Volatility",
        "RSI",
        "MACD",
        "MACD_Signal"
    ],
    "sample_original": [
        33.5,
        33.75,
        33.0625,
        33.6875,
        11.225234985351562,
        318200.0,
        0.005597014925373234,
        33.4875,
        33.396875,
        0.01670815675725476,
        50.5050505050505,
        0.38200643046313587,
        0.4415878433051652
    ],
    "sample_scaled": [
        0.17972722092912566,
        0.17873615984566663,
        0.20237155894784925,
        0.18464334287235123,
        0.05332884884250223,
        0.0015069959945632778,
        0.5476521478958597,
        0.17303385126990165,
        0.15024298940581537,
        0.14732095373112886,
        0.48954127530581487,
        0.6379160106445775,
        0.6439245788509969
    ]
}