{
    "feature_order": [
        "Open",
        "High",
        "Low",
        "Close",
        "Adj Close",
        "Volume",
        "Returns",
        "MA_5",
        "MA_20",
        "Volatility",
        "RSI",
        "MACD",
        "MACD_Signal"
    ],
    "min_values": [
        5.650000095367432,
        6.860000133514404,
        5.119999885559082,
        5.659999847412109,
        2.359429359436035,
        0.0,
        -3.2220627956824583,
        6.572000026702881,
        8.575000047683716,
        -1.598480724402199,
        6.84564083139405,
        -2.796278358948296,
        -2.4865863576912526
    ],
    "max_values": [
        70.94000244140625,
        71.43000030517578,
        70.7699966430664,
        71.16000366210938,
        61.09466171264648,
        8634700.0,
        3.1525717613666826,
        70.54000091552734,
        68.96950035095215,
        5.054858270165607,
        97.56092265943012,
        1.651049298739082,
        1.475435656039636
    ],
    "feature_names": [
        "Open",
        "High",
        "Low",
        "Close",
        "Adj Close",
        "Volume",
        "Returns",
        "MA_5",
        "MA_20",
        "Volatility",
        "RSI",
        "MACD",
        "MACD_Signal"
    ],
    "sample_original": {
        "Open": 19.625,
        "High": 19.9375,
        "Low": 19.625,
        "Close": 19.75,
        "Adj Close": 7.060212135314941,
        "Volume": 1021700.0,
        "Returns": 0.4685474110496893,
        "MA_5": 19.8875,
        "MA_20": 19.919642857142858,
        "Volatility": 1.038811878453861,
        "RSI": 63.04347826086957,
        "MACD": 0.22008763137444376,
        "MACD_Signal": 0.2514243283861012
    },
    "sample_scaled": {
        "Open": 0.2140450207148819,
        "High": 0.20253213306053353,
        "Low": 0.22094441478829496,
        "Close": 0.21511449361818658,
        "Adj Close": 0.08003344138676866,
        "Volume": 0.11832489837516068,
        "Returns": 0.5789524362068771,
        "MA_5": 0.20815876357366994,
        "MA_20": 0.18784231598063558,
        "Volatility": 0.39638632647597055,
        "RSI": 0.6194969171347188,
        "MACD": 0.6782423564202279,
        "MACD_Signal": 0.6910639760678843
    }
}