{
    "feature_order": [
        "Open",
        "High",
        "Low",
        "Close",
        "Adj Close",
        "Volume",
        "Returns",
        "MA_5",
        "MA_20",
        "Volatility",
        "RSI",
        "MACD",
        "MACD_Signal"
    ],
    "min_values": [
        13.0625,
        14.75,
        12.96875,
        14.59000015258789,
        14.59000015258789,
        114000.0,
        -3.1251474419184646,
        14.95,
        15.834375,
        -1.2297944629748205,
        8.53387301214994,
        -2.4892548802912806,
        -2.2434876375757327
    ],
    "max_values": [
        89.29000091552734,
        89.80999755859375,
        89.05000305175781,
        89.37999725341797,
        89.37999725341797,
        3870100.0,
        3.3362047390408436,
        89.00399932861328,
        87.5189998626709,
        3.059338298838776,
        98.87010195519488,
        2.660137236193094,
        2.3697275594869733
    ],
    "feature_names": [
        "Open",
        "High",
        "Low",
        "Close",
        "Adj Close",
        "Volume",
        "Returns",
        "MA_5",
        "MA_20",
        "Volatility",
        "RSI",
        "MACD",
        "MACD_Signal"
    ],
    "sample_original": {
        "Open": 27.3125,
        "High": 27.875,
        "Low": 27.0,
        "Close": 27.3125,
        "Adj Close": 27.3125,
        "Volume": 2167000.0,
        "Returns": 0.03173154373132192,
        "MA_5": 27.5,
        "MA_20": 28.715401785714285,
        "Volatility": 2.124420939507689,
        "RSI": 28.448275862068968,
        "MACD": -1.4227945209801014,
        "MACD_Signal": -1.181793920641713
    },
    "sample_scaled": {
        "Open": 0.18694040639993373,
        "High": 0.17486011759798273,
        "Low": 0.18442453872906886,
        "Close": 0.17010964488018285,
        "Adj Close": 0.17010964488018285,
        "Volume": 0.546577567157424,
        "Returns": 0.4885786902241087,
        "MA_5": 0.1694709281575679,
        "MA_20": 0.179690230790647,
        "Volatility": 0.7820264815174967,
        "RSI": 0.22044757770965434,
        "MACD": 0.20710412708661224,
        "MACD_Signal": 0.2301418146740724
    }
}