{
    "feature_order": [
        "Open",
        "High",
        "Low",
        "Close",
        "Adj Close",
        "Volume",
        "Returns",
        "MA_5",
        "MA_20",
        "Volatility",
        "RSI",
        "MACD",
        "MACD_Signal"
    ],
    "min_values": [
        30.81999969482422,
        31.280000686645508,
        30.0,
        30.6299991607666,
        30.6299991607666,
        1680000.0,
        -2.8842391353953927,
        31.506000137329103,
        32.70850009918213,
        -2.10183003958984,
        0.0,
        -18.2466740375055,
        -17.310809790101118
    ],
    "max_values": [
        257.050006866455,
        260.21799468994135,
        254.30249595642093,
        257.62751388549805,
        257.62751388549805,
        31773175.0,
        2.9601502917838673,
        257.62751388549805,
        257.49663791656496,
        3.8064295191978346,
        100.0,
        10.069259270689258,
        9.47761372737467
    ],
    "feature_names": [
        "Open",
        "High",
        "Low",
        "Close",
        "Adj Close",
        "Volume",
        "Returns",
        "MA_5",
        "MA_20",
        "Volatility",
        "RSI",
        "MACD",
        "MACD_Signal"
    ],
    "sample_original": {
        "Open": 38.7400016784668,
        "High": 38.75,
        "Low": 36.93000030517578,
        "Close": 37.0099983215332,
        "Adj Close": 37.0099983215332,
        "Volume": 19250200.0,
        "Returns": -1.7415337934068245,
        "MA_5": 38.72199935913086,
        "MA_20": 37.19142804827009,
        "Volatility": 1.6733333529226413,
        "RSI": 51.237619944938714,
        "MACD": 0.49412391613527973,
        "MACD_Signal": 0.30895146836605003
    },
    "sample_scaled": {
        "Open": 0.03500862720494022,
        "High": 0.03262891922276104,
        "Low": 0.03089577882593955,
        "Close": 0.028106030889824107,
        "Adj Close": 0.028106030889824107,
        "Volume": 0.5838599616025894,
        "Returns": 0.19552176599910182,
        "MA_5": 0.03191204190255956,
        "MA_20": 0.01994290264875931,
        "Volatility": 0.6389637007225717,
        "RSI": 0.5123761994493872,
        "MACD": 0.6618463799043173,
        "MACD_Signal": 0.6577378936454651
    }
}