{
    "feature_order": [
        "Open",
        "High",
        "Low",
        "Close",
        "Adj Close",
        "Volume",
        "Returns",
        "MA_5",
        "MA_20",
        "Volatility",
        "RSI",
        "MACD",
        "MACD_Signal"
    ],
    "min_values": [
        9.220000267028809,
        9.4399995803833,
        9.140000343322754,
        9.300000190734863,
        9.300000190734863,
        308400.0,
        -2.501419082460545,
        9.715999984741211,
        10.097999954223633,
        -1.4040858441678046,
        10.715231010657064,
        -7.433498238471145,
        -6.356127673321274
    ],
    "max_values": [
        114.8499984741211,
        116.08999633789062,
        109.69499969482422,
        114.8499984741211,
        114.8499984741211,
        10475750.0,
        3.575876165808019,
        108.88599853515625,
        100.84899978637695,
        2.621563095183108,
        92.24879266687611,
        6.089811653414515,
        5.487614329951955
    ],
    "feature_names": [
        "Open",
        "High",
        "Low",
        "Close",
        "Adj Close",
        "Volume",
        "Returns",
        "MA_5",
        "MA_20",
        "Volatility",
        "RSI",
        "MACD",
        "MACD_Signal"
    ],
    "sample_original": {
        "Open": 59.77999877929688,
        "High": 60.0,
        "Low": 57.81999969482422,
        "Close": 58.54999923706055,
        "Adj Close": 58.54999923706055,
        "Volume": 879100.0,
        "Returns": -0.672037385146349,
        "MA_5": 58.907999420166014,
        "MA_20": 60.057856695992605,
        "Volatility": -0.33949743888963607,
        "RSI": 33.913886000131015,
        "MACD": -1.616242631282951,
        "MACD_Signal": -1.4203475161658117
    },
    "sample_scaled": {
        "Open": 0.47865189217501414,
        "High": 0.47407409242192666,
        "Low": 0.48411316856892395,
        "Close": 0.46660350400098227,
        "Adj Close": 0.46660350400098227,
        "Volume": 0.056130653513452373,
        "Returns": 0.3010190590683233,
        "MA_5": 0.4960371095540258,
        "MA_20": 0.5505157721035715,
        "Volatility": 0.26445137698713994,
        "RSI": 0.28452890464039293,
        "MACD": 0.43016507450433417,
        "MACD_Signal": 0.4167416139081189
    }
}