{
    "feature_order": [
        "Open",
        "High",
        "Low",
        "Close",
        "Adj Close",
        "Volume",
        "Returns",
        "MA_5",
        "MA_20",
        "Volatility",
        "RSI",
        "MACD",
        "MACD_Signal"
    ],
    "min_values": [
        5.324475765228272,
        5.498211860656738,
        5.120081901550293,
        5.247828006744385,
        5.247828006744385,
        346585.0,
        -2.955965892978034,
        5.755748558044433,
        6.274399662017823,
        -1.8058548136262287,
        0.0,
        -2.4980831898792317,
        -2.176687309451295
    ],
    "max_values": [
        77.9800033569336,
        78.13999938964844,
        74.51000213623047,
        77.2699966430664,
        77.2699966430664,
        18538542.25,
        3.1065845385440483,
        75.5499984741211,
        66.78449935913086,
        4.0561190472761846,
        100.0,
        7.785212953674659,
        7.127777188073833
    ],
    "feature_names": [
        "Open",
        "High",
        "Low",
        "Close",
        "Adj Close",
        "Volume",
        "Returns",
        "MA_5",
        "MA_20",
        "Volatility",
        "RSI",
        "MACD",
        "MACD_Signal"
    ],
    "sample_original": {
        "Open": 7.128258228302002,
        "High": 7.31732177734375,
        "Low": 7.087378978729248,
        "Close": 7.153807163238525,
        "Adj Close": 7.153807163238525,
        "Volume": 18538542.25,
        "Returns": -0.02063412763079406,
        "MA_5": 7.371487140655518,
        "MA_20": 7.705672025680542,
        "Volatility": 0.8269827365189506,
        "RSI": 31.741588496217773,
        "MACD": -0.14406809902242923,
        "MACD_Signal": -0.05648595784945137
    },
    "sample_scaled": {
        "Open": 0.024826500100725415,
        "High": 0.025042196490016114,
        "Low": 0.028351337925241277,
        "Close": 0.0264637845899703,
        "Adj Close": 0.0264637845899703,
        "Volume": 0.9999999999999999,
        "Returns": 0.48417440786719973,
        "MA_5": 0.02315002431509633,
        "MA_20": 0.023653445802056847,
        "Volatility": 0.44913839819474577,
        "RSI": 0.3174158849621777,
        "MACD": 0.22891639587102844,
        "MACD_Signal": 0.22786925052653928
    }
}