{
    "feature_order": [
        "Open",
        "High",
        "Low",
        "Close",
        "Adj Close",
        "Volume",
        "Returns",
        "MA_5",
        "MA_20",
        "Volatility",
        "RSI",
        "MACD",
        "MACD_Signal"
    ],
    "min_values": [
        2.140625,
        2.3125,
        1.984375,
        2.132812976837158,
        1.8228318691253664,
        134000.0,
        -3.0832010848402978,
        2.322187614440918,
        3.342609393596649,
        -1.4055577410312985,
        3.7233896846887546,
        -2.07914312140481,
        -1.9224924857161363
    ],
    "max_values": [
        34.81999969482422,
        36.834999084472656,
        34.60499954223633,
        35.31999969482422,
        30.186628341674805,
        32718850.0,
        3.461347427721306,
        34.35599975585937,
        33.19825029373169,
        3.6630227867167564,
        97.43587235571478,
        2.9778948533322307,
        2.456776247628208
    ],
    "feature_names": [
        "Open",
        "High",
        "Low",
        "Close",
        "Adj Close",
        "Volume",
        "Returns",
        "MA_5",
        "MA_20",
        "Volatility",
        "RSI",
        "MACD",
        "MACD_Signal"
    ],
    "sample_original": {
        "Open": 16.890625,
        "High": 17.625,
        "Low": 16.4375,
        "Close": 17.09375,
        "Adj Close": 14.609357833862305,
        "Volume": 1586400.0,
        "Returns": 1.1167746969205858,
        "MA_5": 15.584375,
        "MA_20": 14.024553571428571,
        "Volatility": 2.671201389247239,
        "RSI": 61.94225721784777,
        "MACD": 0.4846618439266379,
        "MACD_Signal": 0.047271629295118724
    },
    "sample_scaled": {
        "Open": 0.4513550255395834,
        "High": 0.4435513188814066,
        "Low": 0.44306708417818524,
        "Close": 0.45080461776695857,
        "Adj Close": 0.45080446043645017,
        "Volume": 0.04457286131438384,
        "Returns": 0.6417517990277637,
        "MA_5": 0.41400590497974477,
        "MA_20": 0.35778646365563727,
        "Volatility": 0.8043196922610245,
        "RSI": 0.6212498684677265,
        "MACD": 0.5069775979811111,
        "MACD_Signal": 0.4497929300417681
    }
}