{
    "metrics": {
        "mse": 0.003862234141811077,
        "mae": 0.04219606328692795,
        "rmse": 0.06214687555952493,
        "r2": 0.9999877553808666
    },
    "timestamp": "2025-04-16T15:15:48.493517",
    "model_version": "0.1.0"
}