{
    "metrics": {
        "mse": 0.0007020184553461395,
        "mae": 0.020230018166654474,
        "rmse": 0.02649563087277107,
        "r2": 0.9999959009738421
    },
    "timestamp": "2025-04-16T15:19:46.169663",
    "model_version": "0.1.0"
}