{
    "metrics": {
        "mse": 0.0004968624485363114,
        "mae": 0.020936188189077533,
        "rmse": 0.022290411582927567,
        "r2": 0.9999996597790671
    },
    "timestamp": "2025-04-16T15:19:43.718697",
    "model_version": "0.1.0"
}