{
    "metrics": {
        "mse": 7.065695638526665e-05,
        "mae": 0.006477367697318284,
        "rmse": 0.008405769232215851,
        "r2": 0.9999997943710327
    },
    "timestamp": "2025-04-16T15:16:15.237553",
    "model_version": "0.1.0"
}