{
    "metrics": {
        "mse": 0.00027088880316309576,
        "mae": 0.013612780663338214,
        "rmse": 0.016458699923235,
        "r2": 0.999995961402939
    },
    "timestamp": "2025-04-16T15:17:47.266084",
    "model_version": "0.1.0"
}