{
    "metrics": {
        "mse": 0.0006628587526549843,
        "mae": 0.02144146611080451,
        "rmse": 0.025746043436904714,
        "r2": 0.9999982725772282
    },
    "timestamp": "2025-04-16T15:19:28.184214",
    "model_version": "0.1.0"
}