{
    "metrics": {
        "mse": 0.0004278301799281856,
        "mae": 0.017839262438031914,
        "rmse": 0.020684056176876565,
        "r2": 0.9999980809557789
    },
    "timestamp": "2025-04-16T15:16:54.936321",
    "model_version": "0.1.0"
}