{
    "metrics": {
        "mse": 8.196509173923176e-05,
        "mae": 0.007487264393613286,
        "rmse": 0.00905345744670133,
        "r2": 0.9999988958784358
    },
    "timestamp": "2025-04-16T15:17:49.583254",
    "model_version": "0.1.0"
}