{
    "metrics": {
        "mse": 0.0008898096906524285,
        "mae": 0.02726869014288896,
        "rmse": 0.029829678017914113,
        "r2": 0.9999934000674987
    },
    "timestamp": "2025-04-16T15:18:51.279177",
    "model_version": "0.1.0"
}