{
    "metrics": {
        "mse": 0.00848709827950622,
        "mae": 0.06911449436551172,
        "rmse": 0.09212544859867018,
        "r2": 0.9999759386619355
    },
    "timestamp": "2025-04-16T15:15:46.473648",
    "model_version": "0.1.0"
}