{
    "metrics": {
        "mse": 0.0055560745851591905,
        "mae": 0.05826075081513052,
        "rmse": 0.07453908092510392,
        "r2": 0.9999770744876246
    },
    "timestamp": "2025-04-16T15:17:08.185130",
    "model_version": "0.1.0"
}