{
    "metrics": {
        "mse": 0.02204617542537258,
        "mae": 0.13518502560477616,
        "rmse": 0.14847954547806436,
        "r2": 0.9999958448235673
    },
    "timestamp": "2025-04-16T15:16:34.024502",
    "model_version": "0.1.0"
}