{
    "metrics": {
        "mse": 0.001821216855745952,
        "mae": 0.03308831503450477,
        "rmse": 0.042675717401655384,
        "r2": 0.9999988736209434
    },
    "timestamp": "2025-04-16T15:18:18.182521",
    "model_version": "0.1.0"
}