{
    "metrics": {
        "mse": 0.001094450862969054,
        "mae": 0.031178313224628773,
        "rmse": 0.033082485743502615,
        "r2": 0.9999980924679243
    },
    "timestamp": "2025-04-16T15:19:08.751820",
    "model_version": "0.1.0"
}