{
    "metrics": {
        "mse": 0.0006564178959937928,
        "mae": 0.02249261181978958,
        "rmse": 0.025620653699579814,
        "r2": 0.9999998167073915
    },
    "timestamp": "2025-04-16T15:16:24.630858",
    "model_version": "0.1.0"
}