{
    "metrics": {
        "mse": 9.710097009182354e-06,
        "mae": 0.0028196338776158916,
        "rmse": 0.0031161028560017646,
        "r2": 0.9999992335893721
    },
    "timestamp": "2025-04-16T15:18:54.401685",
    "model_version": "0.1.0"
}