{
    "metrics": {
        "mse": 1.2826617734859949e-05,
        "mae": 0.0033255342824883,
        "rmse": 0.0035814267736280674,
        "r2": 0.9999998493522066
    },
    "timestamp": "2025-04-16T15:18:44.204825",
    "model_version": "0.1.0"
}