{
    "metrics": {
        "mse": 0.0892060025496659,
        "mae": 0.274562056733421,
        "rmse": 0.298673739303719,
        "r2": 0.9999984620366058
    },
    "timestamp": "2025-04-16T15:19:33.908809",
    "model_version": "0.1.0"
}