{
    "metrics": {
        "mse": 1.5664857570410854e-06,
        "mae": 0.001007441281604919,
        "rmse": 0.0012515932873905507,
        "r2": 0.9999998578045702
    },
    "timestamp": "2025-04-16T15:19:36.681801",
    "model_version": "0.1.0"
}