{
    "metrics": {
        "mse": 0.0030445126493250114,
        "mae": 0.04983223811063518,
        "rmse": 0.055177102581822936,
        "r2": 0.9995870643152267
    },
    "timestamp": "2025-04-16T15:16:01.381459",
    "model_version": "0.1.0"
}