{
    "metrics": {
        "mse": 0.0008661069135074576,
        "mae": 0.020714883176340185,
        "rmse": 0.029429694417500457,
        "r2": 0.9999981919922378
    },
    "timestamp": "2025-04-16T15:16:41.275685",
    "model_version": "0.1.0"
}