{
    "metrics": {
        "mse": 1.5659782557104997e-05,
        "mae": 0.0036314862106859008,
        "rmse": 0.003957244313547623,
        "r2": 0.9999999358098141
    },
    "timestamp": "2025-04-16T15:15:57.185325",
    "model_version": "0.1.0"
}