{
    "metrics": {
        "mse": 0.0005157354177026783,
        "mae": 0.021001899271645502,
        "rmse": 0.022709808843375992,
        "r2": 0.9999997578575087
    },
    "timestamp": "2025-04-16T15:17:35.175846",
    "model_version": "0.1.0"
}