{
    "metrics": {
        "mse": 0.00033250253944309223,
        "mae": 0.016196868607964605,
        "rmse": 0.018234652161286002,
        "r2": 0.9999983710765791
    },
    "timestamp": "2025-04-16T15:17:40.325448",
    "model_version": "0.1.0"
}