{
    "metrics": {
        "mse": 0.0015776166497616995,
        "mae": 0.03202867268084837,
        "rmse": 0.039719222673180545,
        "r2": 0.9987312941418552
    },
    "timestamp": "2025-04-16T15:15:54.987564",
    "model_version": "0.1.0"
}