{
    "metrics": {
        "mse": 0.0018467806953763684,
        "mae": 0.03221129655823425,
        "rmse": 0.042974186384111664,
        "r2": 0.9999994842893963
    },
    "timestamp": "2025-04-16T15:17:23.927429",
    "model_version": "0.1.0"
}