{
    "metrics": {
        "mse": 2.210296799671955e-06,
        "mae": 0.0012816279181729264,
        "rmse": 0.0014867066959128,
        "r2": 0.9999996125979886
    },
    "timestamp": "2025-04-16T15:19:31.054378",
    "model_version": "0.1.0"
}