{
    "metrics": {
        "mse": 0.08937729311379795,
        "mae": 0.281737260923672,
        "rmse": 0.2989603537491183,
        "r2": 0.9999332921203431
    },
    "timestamp": "2025-04-16T15:17:17.014983",
    "model_version": "0.1.0"
}