{
    "metrics": {
        "mse": 1.0448787406053326e-05,
        "mae": 0.002424335699441743,
        "rmse": 0.0032324584152086666,
        "r2": 0.9999985095232825
    },
    "timestamp": "2025-04-16T15:19:05.202533",
    "model_version": "0.1.0"
}