{
    "metrics": {
        "mse": 0.0001937322429898709,
        "mae": 0.011610458631129935,
        "rmse": 0.013918773041826312,
        "r2": 0.9999546533624288
    },
    "timestamp": "2025-04-16T15:17:14.350362",
    "model_version": "0.1.0"
}