{
    "metrics": {
        "mse": 6.968833797850214e-07,
        "mae": 0.0005725756890455233,
        "rmse": 0.0008347954119333798,
        "r2": 0.9999997878946694
    },
    "timestamp": "2025-04-16T15:18:23.067704",
    "model_version": "0.1.0"
}