{
    "metrics": {
        "mse": 0.00025751319163552354,
        "mae": 0.01570198561569771,
        "rmse": 0.01604721756677847,
        "r2": 0.9999919927417169
    },
    "timestamp": "2025-04-16T15:15:43.895360",
    "model_version": "0.1.0"
}