{
    "metrics": {
        "mse": 0.0041879973085122875,
        "mae": 0.05739227695536897,
        "rmse": 0.06471473795444348,
        "r2": 0.9998871467857156
    },
    "timestamp": "2025-04-16T15:16:45.927424",
    "model_version": "0.1.0"
}