{
    "metrics": {
        "mse": 0.0003202870263902695,
        "mae": 0.016916413554287926,
        "rmse": 0.0178965646533146,
        "r2": 0.9999973406088988
    },
    "timestamp": "2025-04-16T15:19:01.620288",
    "model_version": "0.1.0"
}