{
    "metrics": {
        "mse": 0.00897409697247646,
        "mae": 0.08452067679361647,
        "rmse": 0.09473171049060847,
        "r2": 0.9999715005092892
    },
    "timestamp": "2025-04-16T15:16:52.638190",
    "model_version": "0.1.0"
}