{
    "metrics": {
        "mse": 7.237090007990387e-05,
        "mae": 0.0063866693524954376,
        "rmse": 0.008507108796759559,
        "r2": 0.999999234418946
    },
    "timestamp": "2025-04-16T15:16:03.498616",
    "model_version": "0.1.0"
}