{
    "metrics": {
        "mse": 0.002214767175175427,
        "mae": 0.04319290118278153,
        "rmse": 0.04706131293510017,
        "r2": 0.9999499265171703
    },
    "timestamp": "2025-04-16T15:19:13.319790",
    "model_version": "0.1.0"
}