{
    "metrics": {
        "mse": 2.2835715459071363e-06,
        "mae": 0.001251036796483172,
        "rmse": 0.0015111490812977839,
        "r2": 0.9999991465183443
    },
    "timestamp": "2025-04-16T15:19:18.050325",
    "model_version": "0.1.0"
}