{
    "metrics": {
        "mse": 1.9716374632577838e-05,
        "mae": 0.003614593859239511,
        "rmse": 0.0044403124476299904,
        "r2": 0.9999998713232513
    },
    "timestamp": "2025-04-16T15:19:24.419856",
    "model_version": "0.1.0"
}