{
    "metrics": {
        "mse": 8.534954222119934e-05,
        "mae": 0.007484437279616401,
        "rmse": 0.009238481597167326,
        "r2": 0.9999824587874061
    },
    "timestamp": "2025-04-16T15:17:32.928756",
    "model_version": "0.1.0"
}