{
    "metrics": {
        "mse": 4.076169621446016e-06,
        "mae": 0.001728551041276874,
        "rmse": 0.0020189526050519405,
        "r2": 0.9999999143688207
    },
    "timestamp": "2025-04-16T15:18:32.604671",
    "model_version": "0.1.0"
}