{
    "metrics": {
        "mse": 3.88103429978424e-05,
        "mae": 0.005209129543287528,
        "rmse": 0.006229794779753375,
        "r2": 0.9999965390373534
    },
    "timestamp": "2025-04-16T15:17:42.480690",
    "model_version": "0.1.0"
}