{
    "metrics": {
        "mse": 4.669550963641147e-05,
        "mae": 0.005959330852999533,
        "rmse": 0.006833411273764478,
        "r2": 0.9999985794931283
    },
    "timestamp": "2025-04-16T15:16:22.371574",
    "model_version": "0.1.0"
}