{
    "metrics": {
        "mse": 0.0002730816662220807,
        "mae": 0.01476005273203626,
        "rmse": 0.016525182789369704,
        "r2": 0.9999985392964397
    },
    "timestamp": "2025-04-16T15:16:10.379538",
    "model_version": "0.1.0"
}