{
    "metrics": {
        "mse": 0.03943412042949357,
        "mae": 0.17520602528842502,
        "rmse": 0.19858026193328876,
        "r2": 0.9997934043022388
    },
    "timestamp": "2025-04-16T15:17:26.217521",
    "model_version": "0.1.0"
}