{
    "metrics": {
        "mse": 0.00022414188348044234,
        "mae": 0.011343356903487502,
        "rmse": 0.014971368791144059,
        "r2": 0.9999960900067617
    },
    "timestamp": "2025-04-16T15:18:27.112432",
    "model_version": "0.1.0"
}