{
    "metrics": {
        "mse": 0.007130272613082527,
        "mae": 0.0642492212438797,
        "rmse": 0.0844409415691377,
        "r2": 0.9999889758484644
    },
    "timestamp": "2025-04-16T15:18:57.890460",
    "model_version": "0.1.0"
}