{
    "metrics": {
        "mse": 2.8835664532028106e-06,
        "mae": 0.0013501063002498807,
        "rmse": 0.0016981067260931541,
        "r2": 0.999999413493866
    },
    "timestamp": "2025-04-16T15:16:31.674583",
    "model_version": "0.1.0"
}