{
    "metrics": {
        "mse": 0.010332775595040462,
        "mae": 0.09755312972340205,
        "rmse": 0.1016502611656284,
        "r2": 0.9999675415736229
    },
    "timestamp": "2025-04-16T15:18:40.963400",
    "model_version": "0.1.0"
}