{
    "metrics": {
        "mse": 9.360949796296385e-05,
        "mae": 0.008354251242021256,
        "rmse": 0.00967520015105444,
        "r2": 0.9999999590983861
    },
    "timestamp": "2025-04-16T15:19:10.936342",
    "model_version": "0.1.0"
}