{
    "metrics": {
        "mse": 1.325429121551894e-05,
        "mae": 0.0034729061321876866,
        "rmse": 0.0036406443407065925,
        "r2": 0.9999918111966413
    },
    "timestamp": "2025-04-16T15:17:52.398184",
    "model_version": "0.1.0"
}