{
    "metrics": {
        "mse": 1.0556539276854174e-05,
        "mae": 0.002810610559238541,
        "rmse": 0.0032490828362561294,
        "r2": 0.9999891763461175
    },
    "timestamp": "2025-04-16T15:15:52.654449",
    "model_version": "0.1.0"
}