{
    "metrics": {
        "mse": 0.0007095309090206911,
        "mae": 0.01989678224417641,
        "rmse": 0.026637021399185966,
        "r2": 0.9999996298101634
    },
    "timestamp": "2025-04-16T15:16:29.411313",
    "model_version": "0.1.0"
}