{
    "metrics": {
        "mse": 0.016065880288067696,
        "mae": 0.11176634165287383,
        "rmse": 0.12675125359564574,
        "r2": 0.9998541888046178
    },
    "timestamp": "2025-04-16T15:16:43.792022",
    "model_version": "0.1.0"
}