{
    "metrics": {
        "mse": 0.00019333167329241936,
        "mae": 0.012534904827188654,
        "rmse": 0.013904376048295707,
        "r2": 0.9999954989295692
    },
    "timestamp": "2025-04-16T15:17:54.857427",
    "model_version": "0.1.0"
}