{
    "metrics": {
        "mse": 0.0006247140251769124,
        "mae": 0.01877826769874372,
        "rmse": 0.024994279849135728,
        "r2": 0.999999728360706
    },
    "timestamp": "2025-04-16T15:19:38.832827",
    "model_version": "0.1.0"
}