{
    "metrics": {
        "mse": 0.00011181461058988089,
        "mae": 0.009016574350963025,
        "rmse": 0.010574242790378935,
        "r2": 0.9999998379868927
    },
    "timestamp": "2025-04-16T15:15:59.237790",
    "model_version": "0.1.0"
}