{
    "metrics": {
        "mse": 4.0940692037921717e-05,
        "mae": 0.005319561476344952,
        "rmse": 0.0063984913876570714,
        "r2": 0.9999991875093326
    },
    "timestamp": "2025-04-16T15:16:48.444442",
    "model_version": "0.1.0"
}