{
    "metrics": {
        "mse": 5.322535825522873e-05,
        "mae": 0.006151364452906547,
        "rmse": 0.007295571139755182,
        "r2": 0.999999979237004
    },
    "timestamp": "2025-04-16T15:16:17.569456",
    "model_version": "0.1.0"
}