{
    "metrics": {
        "mse": 9.251694826407038e-06,
        "mae": 0.0023606263255299283,
        "rmse": 0.0030416598801323988,
        "r2": 0.9999991106560826
    },
    "timestamp": "2025-04-16T15:18:06.134839",
    "model_version": "0.1.0"
}