{
    "metrics": {
        "mse": 0.029842771110219275,
        "mae": 0.1429543052024477,
        "rmse": 0.17275060379118584,
        "r2": 0.9999967255489157
    },
    "timestamp": "2025-04-16T15:17:05.380975",
    "model_version": "0.1.0"
}