{
    "metrics": {
        "mse": 0.006546119003913015,
        "mae": 0.07681137381281115,
        "rmse": 0.08090808985455666,
        "r2": 0.9999984456868607
    },
    "timestamp": "2025-04-16T15:17:30.489494",
    "model_version": "0.1.0"
}