{
    "metrics": {
        "mse": 0.00015790046787824075,
        "mae": 0.010330306661030624,
        "rmse": 0.012565845291035568,
        "r2": 0.9999900571855326
    },
    "timestamp": "2025-04-16T15:19:21.224158",
    "model_version": "0.1.0"
}