{
    "metrics": {
        "mse": 0.00020014043431859185,
        "mae": 0.01266339091786868,
        "rmse": 0.014147099855397638,
        "r2": 0.9999995654911464
    },
    "timestamp": "2025-04-16T15:19:57.819959",
    "model_version": "0.1.0"
}