{
    "metrics": {
        "mse": 0.0002038141091358977,
        "mae": 0.013254129665622883,
        "rmse": 0.014276347892087028,
        "r2": 0.9999990493300375
    },
    "timestamp": "2025-04-16T15:17:28.233380",
    "model_version": "0.1.0"
}