{
    "metrics": {
        "mse": 0.00032712170086117263,
        "mae": 0.015038782196007097,
        "rmse": 0.018086506043489235,
        "r2": 0.9999996382710971
    },
    "timestamp": "2025-04-16T15:17:11.355713",
    "model_version": "0.1.0"
}