{
    "metrics": {
        "mse": 1.442061228293938e-06,
        "mae": 0.0009329060488248191,
        "rmse": 0.0012008585380026816,
        "r2": 0.9999999868459616
    },
    "timestamp": "2025-04-16T15:16:50.553116",
    "model_version": "0.1.0"
}