{
    "metrics": {
        "mse": 0.006595211186990595,
        "mae": 0.07807168431484382,
        "rmse": 0.08121090559149427,
        "r2": 0.9999974000887488
    },
    "timestamp": "2025-04-16T15:17:37.644921",
    "model_version": "0.1.0"
}