{
    "metrics": {
        "mse": 2.894823509790636e-06,
        "mae": 0.0013665037593610537,
        "rmse": 0.0017014180878874646,
        "r2": 0.9999999770477345
    },
    "timestamp": "2025-04-16T15:18:48.039609",
    "model_version": "0.1.0"
}