{
    "metrics": {
        "mse": 0.008466091853745037,
        "mae": 0.08270339682038594,
        "rmse": 0.09201136806800037,
        "r2": 0.9999804079950204
    },
    "timestamp": "2025-04-16T15:16:13.013160",
    "model_version": "0.1.0"
}