{
    "metrics": {
        "mse": 0.0015143351308358716,
        "mae": 0.03686810620067706,
        "rmse": 0.03891445914870039,
        "r2": 0.9999944499447316
    },
    "timestamp": "2025-04-16T15:19:15.944936",
    "model_version": "0.1.0"
}