{
    "metrics": {
        "mse": 0.00011113444650147553,
        "mae": 0.008191043283878676,
        "rmse": 0.010542032370538213,
        "r2": 0.9999969010654287
    },
    "timestamp": "2025-04-16T15:19:41.549225",
    "model_version": "0.1.0"
}