{
    "metrics": {
        "mse": 0.00047064726987052494,
        "mae": 0.019242056973174233,
        "rmse": 0.021694406418948754,
        "r2": 0.9999996857479432
    },
    "timestamp": "2025-04-16T15:19:50.980768",
    "model_version": "0.1.0"
}