{
    "metrics": {
        "mse": 0.00015890376908101237,
        "mae": 0.011244324512804224,
        "rmse": 0.012605703831242918,
        "r2": 0.9999989346392253
    },
    "timestamp": "2025-04-16T15:15:50.543349",
    "model_version": "0.1.0"
}