{
    "metrics": {
        "mse": 0.0007910208104551355,
        "mae": 0.026877796204121517,
        "rmse": 0.028125092185717997,
        "r2": 0.9999412778412702
    },
    "timestamp": "2025-04-16T15:18:37.594923",
    "model_version": "0.1.0"
}