{
    "metrics": {
        "mse": 7.707940196365431e-06,
        "mae": 0.001874514555103311,
        "rmse": 0.0027763177405270875,
        "r2": 0.9999998069961763
    },
    "timestamp": "2025-04-16T15:18:08.186263",
    "model_version": "0.1.0"
}