{
    "metrics": {
        "mse": 2.6664982027819056e-05,
        "mae": 0.004588977244731431,
        "rmse": 0.005163814677911965,
        "r2": 0.9999997664620383
    },
    "timestamp": "2025-04-16T15:19:55.638026",
    "model_version": "0.1.0"
}