{
    "metrics": {
        "mse": 1.3986968956389198e-05,
        "mae": 0.0030118789056452185,
        "rmse": 0.003739915634929376,
        "r2": 0.9999991111118056
    },
    "timestamp": "2025-04-16T15:16:05.918503",
    "model_version": "0.1.0"
}