{
    "metrics": {
        "mse": 9.683107498540048e-06,
        "mae": 0.002891435363276387,
        "rmse": 0.0031117691910776493,
        "r2": 0.9999999398895341
    },
    "timestamp": "2025-04-16T15:16:19.953375",
    "model_version": "0.1.0"
}