{
    "metrics": {
        "mse": 0.0003867764426376559,
        "mae": 0.017371570958964078,
        "rmse": 0.019666632722396986,
        "r2": 0.9999905127726082
    },
    "timestamp": "2025-04-16T15:17:45.093827",
    "model_version": "0.1.0"
}