{
    "metrics": {
        "mse": 0.00016241307249375403,
        "mae": 0.012366136410966422,
        "rmse": 0.012744138750568986,
        "r2": 0.9999989085813422
    },
    "timestamp": "2025-04-16T15:17:19.448033",
    "model_version": "0.1.0"
}