{
    "metrics": {
        "mse": 0.000625840233598144,
        "mae": 0.023092262410366802,
        "rmse": 0.02501679902781617,
        "r2": 0.9999997532170737
    },
    "timestamp": "2025-04-16T15:17:02.558120",
    "model_version": "0.1.0"
}