{
    "metrics": {
        "mse": 0.1165349701122676,
        "mae": 0.27125456619084315,
        "rmse": 0.3413721870807105,
        "r2": 0.9994112472937503
    },
    "timestamp": "2025-04-16T15:17:59.637636",
    "model_version": "0.1.0"
}