{
    "metrics": {
        "mse": 0.0008980641700843316,
        "mae": 0.02655562186441673,
        "rmse": 0.02996771880014112,
        "r2": 0.9999809384735571
    },
    "timestamp": "2025-04-16T15:19:53.186551",
    "model_version": "0.1.0"
}