{
    "metrics": {
        "mse": 0.007009003053396909,
        "mae": 0.08025048790135787,
        "rmse": 0.08371978889961984,
        "r2": 0.9999369462672836
    },
    "timestamp": "2025-04-16T15:18:03.985847",
    "model_version": "0.1.0"
}