{
    "metrics": {
        "mse": 0.0005892341207193112,
        "mae": 0.015471027722683443,
        "rmse": 0.02427414510789847,
        "r2": 0.9999996494769942
    },
    "timestamp": "2025-04-16T15:16:08.124601",
    "model_version": "0.1.0"
}