{
    "metrics": {
        "mse": 0.00048248097965078245,
        "mae": 0.019448310323548525,
        "rmse": 0.021965449680140456,
        "r2": 0.9999997619956532
    },
    "timestamp": "2025-04-16T15:18:10.501613",
    "model_version": "0.1.0"
}