{
    "metrics": {
        "mse": 0.0007796719203618967,
        "mae": 0.024852943777372113,
        "rmse": 0.02792260590206252,
        "r2": 0.9999887264253778
    },
    "timestamp": "2025-04-16T15:16:39.227863",
    "model_version": "0.1.0"
}