{
    "metrics": {
        "mse": 8.516214966836556e-05,
        "mae": 0.007156285955930156,
        "rmse": 0.009228334067878425,
        "r2": 0.9999999645230866
    },
    "timestamp": "2025-04-16T15:17:21.608411",
    "model_version": "0.1.0"
}