{
    "metrics": {
        "mse": 0.011574755268677113,
        "mae": 0.09635937045139877,
        "rmse": 0.10758603658782637,
        "r2": 0.9999775094216828
    },
    "timestamp": "2025-04-16T15:16:59.864528",
    "model_version": "0.1.0"
}