{
    "metrics": {
        "mse": 0.0009028957316476424,
        "mae": 0.025079879006622216,
        "rmse": 0.03004822343579804,
        "r2": 0.9999865354493281
    },
    "timestamp": "2025-04-16T15:16:36.826369",
    "model_version": "0.1.0"
}