{
    "metrics": {
        "mse": 0.0021506251922498018,
        "mae": 0.03980197180792446,
        "rmse": 0.04637483360886378,
        "r2": 0.9999893491076047
    },
    "timestamp": "2025-04-16T15:16:27.050621",
    "model_version": "0.1.0"
}