{
    "metrics": {
        "mse": 8.487775394919022e-05,
        "mae": 0.008249535419003999,
        "rmse": 0.009212912348936694,
        "r2": 0.9999970605741113
    },
    "timestamp": "2025-04-16T15:17:57.241670",
    "model_version": "0.1.0"
}