{
    "metrics": {
        "mse": 0.018006092408877964,
        "mae": 0.12031363559802845,
        "rmse": 0.13418678179641227,
        "r2": 0.999922342637755
    },
    "timestamp": "2025-04-16T15:19:48.658901",
    "model_version": "0.1.0"
}