{
    "metrics": {
        "mse": 0.00020281143709636012,
        "mae": 0.012968208297588806,
        "rmse": 0.014241188050733693,
        "r2": 0.9997909337789537
    },
    "timestamp": "2025-04-16T15:16:57.443979",
    "model_version": "0.1.0"
}