{
    "metrics": {
        "mse": 0.010266429697480923,
        "mae": 0.09818747401276336,
        "rmse": 0.10132339165997614,
        "r2": 0.9999570623405399
    },
    "timestamp": "2025-04-16T15:18:20.748831",
    "model_version": "0.1.0"
}