{
    "metrics": {
        "mse": 7.106231687964997e-06,
        "mae": 0.002201676554330826,
        "rmse": 0.002665751617830325,
        "r2": 0.999996740534344
    },
    "timestamp": "2025-04-16T15:18:01.899261",
    "model_version": "0.1.0"
}