{
    "metrics": {
        "mse": 0.0012078440919322385,
        "mae": 0.03357122533030716,
        "rmse": 0.03475405144630247,
        "r2": 0.9999856312620184
    },
    "timestamp": "2025-04-16T15:18:13.937266",
    "model_version": "0.1.0"
}