{
    "feature_order": [
        "Open",
        "High",
        "Low",
        "Close",
        "Adj Close",
        "Volume",
        "Returns",
        "MA_5",
        "MA_20",
        "Volatility",
        "RSI",
        "MACD",
        "MACD_Signal"
    ],
    "min_values": [
        1.6200000047683716,
        1.690000057220459,
        1.6100000143051147,
        1.6200000047683716,
        1.6200000047683716,
        0.0,
        -2.976316757024213,
        1.6920000076293946,
        1.7869999945163726,
        -1.7220388686601094,
        3.755864760929967,
        -3.24536816244602,
        -2.7144206337853314
    ],
    "max_values": [
        47.0,
        48.5,
        45.5,
        47.5,
        47.5,
        152110100.0,
        3.3131699744571064,
        45.70625,
        43.8265625,
        3.1933221661681475,
        100.0,
        3.996762611552157,
        3.8004283676837476
    ],
    "feature_names": [
        "Open",
        "High",
        "Low",
        "Close",
        "Adj Close",
        "Volume",
        "Returns",
        "MA_5",
        "MA_20",
        "Volatility",
        "RSI",
        "MACD",
        "MACD_Signal"
    ],
    "sample_original": {
        "Open": 19.5625,
        "High": 19.5625,
        "Low": 18.0625,
        "Close": 18.9375,
        "Adj Close": 18.9375,
        "Volume": 11715000.0,
        "Returns": -0.8713824440054908,
        "MA_5": 19.54375,
        "MA_20": 17.631696428571427,
        "Volatility": 0.839978290298451,
        "RSI": 70.52238805970148,
        "MACD": 1.0595719048917793,
        "MACD_Signal": 0.7587446291236006
    },
    "sample_scaled": {
        "Open": 0.3953834287597392,
        "High": 0.3818094416711568,
        "Low": 0.3748575983380557,
        "Close": 0.37745204875831423,
        "Adj Close": 0.37745204875831423,
        "Volume": 0.07701658206785743,
        "Returns": 0.3346750542429337,
        "MA_5": 0.405590234877682,
        "MA_20": 0.3768996509416166,
        "Volatility": 0.5212266486235995,
        "RSI": 0.6937204343196991,
        "MACD": 0.5944300374682633,
        "MACD_Signal": 0.5331152359979093
    }
}