{
    "feature_order": [
        "Open",
        "High",
        "Low",
        "Close",
        "Adj Close",
        "Volume",
        "Returns",
        "MA_5",
        "MA_20",
        "Volatility",
        "RSI",
        "MACD",
        "MACD_Signal"
    ],
    "min_values": [
        0.8120830059051514,
        0.862500011920929,
        0.737500011920929,
        0.8333330154418945,
        0.7481768727302551,
        151200.0,
        -3.2451050683400333,
        0.8754999876022339,
        0.9407083511352539,
        -1.6111189664511782,
        0.7778701576878007,
        -4.023261340693935,
        -3.3889971557116185
    ],
    "max_values": [
        84.80000305175781,
        85.0999984741211,
        84.2300033569336,
        84.83000183105469,
        76.84302520751953,
        17852100.0,
        3.506923673394452,
        84.23599853515626,
        83.12399940490722,
        4.013684578737439,
        100.0,
        2.3194866240320238,
        2.002640345421601
    ],
    "feature_names": [
        "Open",
        "High",
        "Low",
        "Close",
        "Adj Close",
        "Volume",
        "Returns",
        "MA_5",
        "MA_20",
        "Volatility",
        "RSI",
        "MACD",
        "MACD_Signal"
    ],
    "sample_original": {
        "Open": 1.7486979961395264,
        "High": 1.7838540077209473,
        "Low": 1.6588540077209473,
        "Close": 1.7083330154418943,
        "Adj Close": 1.5337625741958618,
        "Volume": 2030400.0,
        "Returns": -1.555731426540339,
        "MA_5": 1.7809895992279052,
        "MA_20": 1.899274570601327,
        "Volatility": 2.4050954278634373,
        "RSI": 35.89417599452436,
        "MACD": -0.05934755276261772,
        "MACD_Signal": -0.032774369447996755
    },
    "sample_scaled": {
        "Open": 0.01115178218156892,
        "High": 0.010937575457721562,
        "Low": 0.011035170331313994,
        "Close": 0.010417079776351323,
        "Adj Close": 0.010323769856394471,
        "Volume": 0.10616409335118553,
        "Returns": 0.25020237715482857,
        "MA_5": 0.010862334407814558,
        "MA_20": 0.011663760445403553,
        "Volatility": 0.7140186074143038,
        "RSI": 0.353916065827702,
        "MACD": 0.6249521201182681,
        "MACD_Signal": 0.6224867279297259
    }
}