{
    "feature_order": [
        "Open",
        "High",
        "Low",
        "Close",
        "Adj Close",
        "Volume",
        "Returns",
        "MA_5",
        "MA_20",
        "Volatility",
        "RSI",
        "MACD",
        "MACD_Signal"
    ],
    "min_values": [
        15.199999809265137,
        15.619999885559082,
        14.869999885559082,
        15.149999618530272,
        11.198262214660645,
        7425600.0,
        -3.200559360471142,
        15.54000015258789,
        16.447999811172487,
        -1.475882783770732,
        1.538496149113513,
        -3.6610209453660474,
        -3.258236231419944
    ],
    "max_values": [
        115.41999816894533,
        116.18000030517578,
        114.93000030517578,
        115.61000061035156,
        108.28224182128906,
        174607500.0,
        3.247166852093819,
        114.94200134277344,
        113.43550033569336,
        3.4118625148584303,
        99.11191365093131,
        2.4036162175176514,
        2.12635863452442
    ],
    "feature_names": [
        "Open",
        "High",
        "Low",
        "Close",
        "Adj Close",
        "Volume",
        "Returns",
        "MA_5",
        "MA_20",
        "Volatility",
        "RSI",
        "MACD",
        "MACD_Signal"
    ],
    "sample_original": {
        "Open": 53.5,
        "High": 53.625,
        "Low": 51.625,
        "Close": 51.875,
        "Adj Close": 31.858030319213867,
        "Volume": 68416200.0,
        "Returns": -1.2827128909361496,
        "MA_5": 54.43125,
        "MA_20": 55.142857142857146,
        "Volatility": 1.730621739217962,
        "RSI": 33.44103392568658,
        "MACD": -1.2227137757143325,
        "MACD_Signal": -0.8736701179479551
    },
    "sample_scaled": {
        "Open": 0.38215925780880333,
        "High": 0.37793357155781304,
        "Low": 0.36732960184192764,
        "Close": 0.3655683856150828,
        "Adj Close": 0.21280306172309688,
        "Volume": 0.36481580840988165,
        "Returns": 0.2974453949048895,
        "MA_5": 0.3912521818650472,
        "MA_20": 0.39896746614169765,
        "Volatility": 0.6560293810497866,
        "RSI": 0.326959315286653,
        "MACD": 0.40205326455050683,
        "MACD_Signal": 0.44284968002950725
    }
}