{
    "feature_order": [
        "Open",
        "High",
        "Low",
        "Close",
        "Adj Close",
        "Volume",
        "Returns",
        "MA_5",
        "MA_20",
        "Volatility",
        "RSI",
        "MACD",
        "MACD_Signal"
    ],
    "min_values": [
        11.71875,
        12.34375,
        11.3125,
        11.71875,
        10.39432144165039,
        327200.0,
        -3.2274852434880272,
        12.89375,
        14.327656364440918,
        -1.420223483399575,
        3.499999999999986,
        -5.636990631636479,
        -4.780541134752149
    ],
    "max_values": [
        305.5,
        306.8900146484375,
        304.3999938964844,
        305.6099853515625,
        295.9629211425781,
        11302200.0,
        3.3714719942500837,
        302.50999755859374,
        292.99099884033205,
        3.7071671111322737,
        97.49476474919184,
        9.809205648828254,
        8.940887593099346
    ],
    "feature_names": [
        "Open",
        "High",
        "Low",
        "Close",
        "Adj Close",
        "Volume",
        "Returns",
        "MA_5",
        "MA_20",
        "Volatility",
        "RSI",
        "MACD",
        "MACD_Signal"
    ],
    "sample_original": {
        "Open": 39.5,
        "High": 39.625,
        "Low": 37.0625,
        "Close": 37.8125,
        "Adj Close": 33.53902816772461,
        "Volume": 6374400.0,
        "Returns": -0.49207454545398505,
        "MA_5": 38.4625,
        "MA_20": 37.370535714285715,
        "Volatility": 3.291580785756166,
        "RSI": 60.182119205298015,
        "MACD": 2.1397320965260747,
        "MACD_Signal": 2.064773880413457
    },
    "sample_scaled": {
        "Open": 0.09456440804169769,
        "High": 0.09262127303689344,
        "Low": 0.08785772349977733,
        "Close": 0.08878709829092313,
        "Adj Close": 0.08104779989926542,
        "Volume": 0.5509977220956719,
        "Returns": 0.41452165842063327,
        "MA_5": 0.08828492950771712,
        "MA_20": 0.08269074484326325,
        "Volatility": 0.9189477926999917,
        "RSI": 0.6030348536596062,
        "MACD": 0.5034717018323799,
        "MACD_Signal": 0.49887771535562586
    }
}