{
    "feature_order": [
        "Open",
        "High",
        "Low",
        "Close",
        "Adj Close",
        "Volume",
        "Returns",
        "MA_5",
        "MA_20",
        "Volatility",
        "RSI",
        "MACD",
        "MACD_Signal"
    ],
    "min_values": [
        1.0902780294418335,
        1.1215280294418335,
        1.0833330154418943,
        1.086806058883667,
        0.7103826999664307,
        2586900.0,
        -3.0242243719073914,
        1.102083396911621,
        1.15802960395813,
        -1.6829071265609092,
        6.420337909238185,
        -0.8843217121513334,
        -0.8125596314046459
    ],
    "max_values": [
        26.69333267211914,
        26.90999984741211,
        26.53333282470703,
        26.84000015258789,
        25.037128448486328,
        83626200.0,
        3.1409455758640368,
        26.63733329772949,
        26.269000148773195,
        3.892606987602576,
        98.7890614089162,
        1.0407476557741155,
        0.8826719275343862
    ],
    "feature_names": [
        "Open",
        "High",
        "Low",
        "Close",
        "Adj Close",
        "Volume",
        "Returns",
        "MA_5",
        "MA_20",
        "Volatility",
        "RSI",
        "MACD",
        "MACD_Signal"
    ],
    "sample_original": {
        "Open": 1.756943941116333,
        "High": 1.756943941116333,
        "Low": 1.6979169845581057,
        "Close": 1.704861044883728,
        "Adj Close": 1.0846868753433228,
        "Volume": 9102600.0,
        "Returns": 0.6311225899393457,
        "MA_5": 1.7416667938232422,
        "MA_20": 1.7500001447541373,
        "Volatility": 0.7465550217144401,
        "RSI": 47.95916973176278,
        "MACD": 0.004698436146126195,
        "MACD_Signal": 0.010736295150592797
    },
    "sample_scaled": {
        "Open": 0.02603853020581557,
        "High": 0.024639533360473115,
        "Low": 0.024148682660990455,
        "Close": 0.023999158463654587,
        "Adj Close": 0.015386528853727415,
        "Volume": 0.08040173101199047,
        "Returns": 0.5929028709367636,
        "MA_5": 0.025047078035102213,
        "MA_20": 0.023574180047701822,
        "Volatility": 0.4357377810422511,
        "RSI": 0.4497066782856363,
        "MACD": 0.46181200693848884,
        "MACD_Signal": 0.48565396403456645
    }
}