{
    "feature_order": [
        "Open",
        "High",
        "Low",
        "Close",
        "Adj Close",
        "Volume",
        "Returns",
        "MA_5",
        "MA_20",
        "Volatility",
        "RSI",
        "MACD",
        "MACD_Signal"
    ],
    "min_values": [
        2.117187976837158,
        2.25,
        2.015625,
        2.171875,
        2.171875,
        7600.0,
        -2.985878827675616,
        2.290625,
        2.49453125,
        -1.6991637891719797,
        7.374863437758094,
        -8.95629794341292,
        -8.045321757620554
    ],
    "max_values": [
        295.8900146484375,
        299.0599975585937,
        291.0599975585937,
        296.1400146484375,
        296.1400146484375,
        1508100.0,
        3.41851545768912,
        292.9440002441406,
        284.6749984741211,
        3.6734719032112433,
        99.59782061214096,
        8.620244870600743,
        7.6278703580804095
    ],
    "feature_names": [
        "Open",
        "High",
        "Low",
        "Close",
        "Adj Close",
        "Volume",
        "Returns",
        "MA_5",
        "MA_20",
        "Volatility",
        "RSI",
        "MACD",
        "MACD_Signal"
    ],
    "sample_original": {
        "Open": 2.578125,
        "High": 2.640625,
        "Low": 2.5,
        "Close": 2.640625,
        "Adj Close": 2.640625,
        "Volume": 221600.0,
        "Returns": 1.0889249298748251,
        "MA_5": 2.53125,
        "MA_20": 2.6205357142857144,
        "Volatility": 0.2571533677127216,
        "RSI": 38.23529411764706,
        "MACD": -0.05679712022911776,
        "MACD_Signal": -0.0479393751745161
    },
    "sample_scaled": {
        "Open": 0.0015690253873552069,
        "High": 0.0013160776362423103,
        "Low": 0.001675780765812383,
        "Close": 0.0015945605553057138,
        "Adj Close": 0.0015945605553057138,
        "Volume": 0.14261912695768078,
        "Returns": 0.6362512325111128,
        "MA_5": 0.000827876159352637,
        "MA_20": 0.00044653857697966,
        "Volatility": 0.3641261512776995,
        "RSI": 0.33462850927167176,
        "MACD": 0.5063282874996491,
        "MACD_Signal": 0.5102586839623108
    }
}