{
    "feature_order": [
        "Open",
        "High",
        "Low",
        "Close",
        "Adj Close",
        "Volume",
        "Returns",
        "MA_5",
        "MA_20",
        "Volatility",
        "RSI",
        "MACD",
        "MACD_Signal"
    ],
    "min_values": [
        3.039062976837158,
        3.171875,
        2.890625,
        3.070312976837158,
        2.3411238193511963,
        1847800.0,
        -2.9129681278281607,
        3.152343988418579,
        3.158333587646484,
        -1.5099940784138566,
        0.4983501596612001,
        -2.244928803404001,
        -1.9304673177386236
    ],
    "max_values": [
        98.13999938964844,
        99.72000122070312,
        97.20999908447266,
        99.11000061035156,
        87.81543731689453,
        43229900.0,
        3.4819637935431635,
        96.84199829101564,
        96.1619987487793,
        4.029608928007488,
        95.0658004122133,
        3.1929605032382398,
        2.822950628542088
    ],
    "feature_names": [
        "Open",
        "High",
        "Low",
        "Close",
        "Adj Close",
        "Volume",
        "Returns",
        "MA_5",
        "MA_20",
        "Volatility",
        "RSI",
        "MACD",
        "MACD_Signal"
    ],
    "sample_original": {
        "Open": 3.164062976837158,
        "High": 3.171875,
        "Low": 3.09375,
        "Close": 3.121093988418579,
        "Adj Close": 2.379844188690185,
        "Volume": 11176000.0,
        "Returns": -0.23887879023841277,
        "MA_5": 3.2007815837860107,
        "MA_20": 3.1646207741328647,
        "Volatility": 1.6798718534882568,
        "RSI": 51.96852891265576,
        "MACD": 0.029795213272670207,
        "MACD_Signal": 0.03134121337391652
    },
    "sample_scaled": {
        "Open": 0.001314392946220884,
        "High": 0.0,
        "Low": 0.0021535872345598978,
        "Close": 0.0005287502784807122,
        "Adj Close": 0.0004530059120053838,
        "Volume": 0.22541630318422698,
        "Returns": 0.4181575926794727,
        "MA_5": 0.0005170004706281511,
        "MA_20": 6.760149157011841e-05,
        "Volatility": 0.5758293379876708,
        "RSI": 0.5442694988131556,
        "MACD": 0.41831009945313796,
        "MACD_Signal": 0.4127153457329683
    }
}