{
    "feature_order": [
        "Open",
        "High",
        "Low",
        "Close",
        "Adj Close",
        "Volume",
        "Returns",
        "MA_5",
        "MA_20",
        "Volatility",
        "RSI",
        "MACD",
        "MACD_Signal"
    ],
    "min_values": [
        8.470000267028809,
        9.079999923706056,
        7.909999847412109,
        8.279999732971191,
        8.023303031921387,
        22700.0,
        -3.1024702165545026,
        9.319999885559081,
        10.694499969482422,
        -1.6646300262219413,
        10.444167335650846,
        -106.2034146923661,
        -78.6728162412782
    ],
    "max_values": [
        2020.0,
        2020.0,
        1929.52001953125,
        1984.3399658203125,
        1984.3399658203125,
        1747750.0,
        3.4237863188813242,
        1936.5579833984375,
        1891.5764953613282,
        3.8953772458624427,
        95.72827152766698,
        96.57985431478505,
        83.8244934483279
    ],
    "feature_names": [
        "Open",
        "High",
        "Low",
        "Close",
        "Adj Close",
        "Volume",
        "Returns",
        "MA_5",
        "MA_20",
        "Volatility",
        "RSI",
        "MACD",
        "MACD_Signal"
    ],
    "sample_original": {
        "Open": 29.520000457763672,
        "High": 30.71999931335449,
        "Low": 28.76000022888184,
        "Close": 29.32999992370605,
        "Adj Close": 28.42070960998535,
        "Volume": 113800.0,
        "Returns": 0.4312559662290321,
        "MA_5": 29.52599983215332,
        "MA_20": 29.74142837524414,
        "Volatility": 2.124234506732707,
        "RSI": 52.33277163562747,
        "MACD": 0.21666234778932392,
        "MACD_Signal": 0.29836095534037704
    },
    "sample_scaled": {
        "Open": 0.010464671266910875,
        "High": 0.01076124330596315,
        "Low": 0.010850276678355461,
        "Close": 0.010652510830637646,
        "Adj Close": 0.010320920205816209,
        "Volume": 0.052810063476420976,
        "Returns": 0.5414629602125425,
        "MA_5": 0.01048443426263512,
        "MA_20": 0.010126594040682307,
        "Volatility": 0.6814495642798404,
        "RSI": 0.49116543694549386,
        "MACD": 0.5247971273034489,
        "MACD_Signal": 0.4859845208973934
    }
}