{
    "feature_order": [
        "Open",
        "High",
        "Low",
        "Close",
        "Adj Close",
        "Volume",
        "Returns",
        "MA_5",
        "MA_20",
        "Volatility",
        "RSI",
        "MACD",
        "MACD_Signal"
    ],
    "min_values": [
        17.200000762939453,
        18.0,
        16.530000686645508,
        17.149999618530273,
        17.149999618530273,
        1210700.0,
        -2.5332370061943137,
        17.730000305175782,
        18.723499965667724,
        -2.053080732997288,
        8.622705116279064,
        -12.078171199498087,
        -10.584286343662276
    ],
    "max_values": [
        211.6000061035156,
        212.6000061035156,
        202.41000366210935,
        202.82000732421875,
        202.82000732421875,
        25979000.0,
        3.497080514709449,
        200.3260009765625,
        189.9650001525879,
        3.580590375524148,
        92.24461291194334,
        14.352740142402283,
        12.991931479899865
    ],
    "feature_names": [
        "Open",
        "High",
        "Low",
        "Close",
        "Adj Close",
        "Volume",
        "Returns",
        "MA_5",
        "MA_20",
        "Volatility",
        "RSI",
        "MACD",
        "MACD_Signal"
    ],
    "sample_original": {
        "Open": 19.459999084472656,
        "High": 19.520000457763672,
        "Low": 18.8799991607666,
        "Close": 19.0,
        "Adj Close": 19.0,
        "Volume": 8037800.0,
        "Returns": -0.5967931678115584,
        "MA_5": 19.644000244140624,
        "MA_20": 21.050000054495676,
        "Volatility": 0.44943834318990666,
        "RSI": 16.579859127739056,
        "MACD": -1.8916525769697614,
        "MACD_Signal": -1.613315986753001
    },
    "sample_scaled": {
        "Open": 0.011625505449826684,
        "High": 0.007810896249176497,
        "Low": 0.012642556684439546,
        "Close": 0.009963916112947127,
        "Adj Close": 0.009963916112947127,
        "Volume": 0.275638618718281,
        "Returns": 0.32111805583539826,
        "MA_5": 0.010482156958133038,
        "MA_20": 0.013586076309121578,
        "Volatility": 0.4442075208121235,
        "RSI": 0.09515633188977018,
        "MACD": 0.38540171735886575,
        "MACD_Signal": 0.38050930917102666
    }
}