{
    "feature_order": [
        "Open",
        "High",
        "Low",
        "Close",
        "Adj Close",
        "Volume",
        "Returns",
        "MA_5",
        "MA_20",
        "Volatility",
        "RSI",
        "MACD",
        "MACD_Signal"
    ],
    "min_values": [
        4.984375,
        5.0625,
        4.859375,
        4.984375,
        4.83449649810791,
        69100.0,
        -2.9746154053857268,
        5.121875,
        5.33203125,
        -1.8664601306103992,
        4.613454947074615,
        -6.113312873452884,
        -5.255856964457706
    ],
    "max_values": [
        210.44000244140625,
        211.5800018310547,
        208.63999938964844,
        210.75999450683597,
        210.75999450683597,
        8421100.0,
        3.138912156943433,
        208.2779968261719,
        203.37600021362306,
        3.7312264999906164,
        97.64703732696825,
        7.185321909401409,
        6.629077762876259
    ],
    "feature_names": [
        "Open",
        "High",
        "Low",
        "Close",
        "Adj Close",
        "Volume",
        "Returns",
        "MA_5",
        "MA_20",
        "Volatility",
        "RSI",
        "MACD",
        "MACD_Signal"
    ],
    "sample_original": {
        "Open": 7.59375,
        "High": 7.71875,
        "Low": 7.515625,
        "Close": 7.6875,
        "Adj Close": 7.433804512023926,
        "Volume": 1968400.0,
        "Returns": 0.669406437171148,
        "MA_5": 7.53125,
        "MA_20": 7.579241071428571,
        "Volatility": 2.1071000699501576,
        "RSI": 40.54054054054054,
        "MACD": -0.20366901564297635,
        "MACD_Signal": -0.2075113006408819
    },
    "sample_scaled": {
        "Open": 0.012700430903233181,
        "High": 0.012862106002875205,
        "Low": 0.01303485062898321,
        "Close": 0.013136274387016002,
        "Adj Close": 0.012622565146380486,
        "Volume": 0.2274066091954023,
        "Returns": 0.5960587901837411,
        "MA_5": 0.011859721372617815,
        "MA_20": 0.011347024770248574,
        "Volatility": 0.7098575648801407,
        "RSI": 0.3861733008061664,
        "MACD": 0.4443797392969323,
        "MACD_Signal": 0.4247684804028597
    }
}