{
    "feature_order": [
        "Open",
        "High",
        "Low",
        "Close",
        "Adj Close",
        "Volume",
        "Returns",
        "MA_5",
        "MA_20",
        "Volatility",
        "RSI",
        "MACD",
        "MACD_Signal"
    ],
    "min_values": [
        0.3549999892711639,
        0.4050000011920929,
        0.3400000035762787,
        0.3474999964237213,
        0.3474999964237213,
        0.0,
        -2.9184547425969476,
        0.4240000009536743,
        0.5615000009536744,
        -1.901678100652758,
        0.9404379928757578,
        -4.43877527198552,
        -3.6823531091000046
    ],
    "max_values": [
        113.10250091552734,
        114.05750274658205,
        109.15249633789062,
        112.94750213623048,
        112.94750213623048,
        10406000.0,
        3.4012295145291636,
        110.85250244140624,
        108.17987594604492,
        4.155463994036188,
        100.0,
        8.607856473193038,
        7.872800524623766
    ],
    "feature_names": [
        "Open",
        "High",
        "Low",
        "Close",
        "Adj Close",
        "Volume",
        "Returns",
        "MA_5",
        "MA_20",
        "Volatility",
        "RSI",
        "MACD",
        "MACD_Signal"
    ],
    "sample_original": {
        "Open": 2.494999885559082,
        "High": 2.525000095367432,
        "Low": 2.4749999046325684,
        "Close": 2.5,
        "Adj Close": 2.5,
        "Volume": 85600.0,
        "Returns": 0.2662870415147365,
        "MA_5": 2.4799999713897707,
        "MA_20": 2.5953571455819264,
        "Volatility": 0.39625344670776014,
        "RSI": 22.293008719738324,
        "MACD": -0.11252270304995982,
        "MACD_Signal": -0.09390385034402925
    },
    "sample_scaled": {
        "Open": 0.018980464122992934,
        "High": 0.018653351602161108,
        "Low": 0.01962090727609758,
        "Close": 0.019116340698676765,
        "Adj Close": 0.019116340698676765,
        "Volume": 0.008226023448010763,
        "Returns": 0.5039400157564125,
        "MA_5": 0.018618381350818128,
        "MA_20": 0.01889879053430393,
        "Volatility": 0.37937553906410787,
        "RSI": 0.21555284814732895,
        "MACD": 0.33159919383287156,
        "MACD_Signal": 0.31054967960642854
    }
}