{
    "feature_order": [
        "Open",
        "High",
        "Low",
        "Close",
        "Adj Close",
        "Volume",
        "Returns",
        "MA_5",
        "MA_20",
        "Volatility",
        "RSI",
        "MACD",
        "MACD_Signal"
    ],
    "min_values": [
        6.599999904632568,
        6.77666711807251,
        6.513332843780518,
        6.593332767486572,
        6.593332767486572,
        389400.0,
        -2.9797161544062676,
        6.869999980926513,
        7.093833231925965,
        -2.1055834899645207,
        3.7779698519995577,
        -6.2151621855026065,
        -5.1046820254271275
    ],
    "max_values": [
        105.15166473388672,
        106.81666564941406,
        104.05166625976562,
        104.83499908447266,
        104.83499908447266,
        22519650.0,
        3.054821738062552,
        104.2769989013672,
        103.09641609191894,
        3.92842768633428,
        98.07744894476102,
        3.9335718625648113,
        3.5346307177302827
    ],
    "feature_names": [
        "Open",
        "High",
        "Low",
        "Close",
        "Adj Close",
        "Volume",
        "Returns",
        "MA_5",
        "MA_20",
        "Volatility",
        "RSI",
        "MACD",
        "MACD_Signal"
    ],
    "sample_original": {
        "Open": 9.366666793823242,
        "High": 10.166666984558104,
        "Low": 9.311667442321776,
        "Close": 10.154999732971191,
        "Adj Close": 10.154999732971191,
        "Volume": 3023400.0,
        "Returns": 3.054821738062552,
        "MA_5": 9.413333511352539,
        "MA_20": 9.365357058388847,
        "Volatility": 2.941406892585121,
        "RSI": 65.2821484778155,
        "MACD": 0.17932272774153546,
        "MACD_Signal": 0.1306183429407058
    },
    "sample_scaled": {
        "Open": 0.028073263845761184,
        "High": 0.03388644458469818,
        "Low": 0.028689587985954362,
        "Close": 0.03625413838149448,
        "Adj Close": 0.03625413838149448,
        "Volume": 0.11902260480563935,
        "Returns": 1.0,
        "MA_5": 0.026110377679363167,
        "MA_20": 0.023661069929499692,
        "Volatility": 0.8364237710354081,
        "RSI": 0.6522218279203312,
        "MACD": 0.6300770995631537,
        "MACD_Signal": 0.6059857449325868
    }
}