{
    "feature_order": [
        "Open",
        "High",
        "Low",
        "Close",
        "Adj Close",
        "Volume",
        "Returns",
        "MA_5",
        "MA_20",
        "Volatility",
        "RSI",
        "MACD",
        "MACD_Signal"
    ],
    "min_values": [
        0.449999988079071,
        0.4799999892711639,
        0.4199999868869781,
        0.449999988079071,
        0.449999988079071,
        98800.0,
        -3.3550326194550353,
        0.471999990940094,
        0.49399999529123306,
        -1.3397144290954572,
        0.0,
        -6.168750612158529,
        -5.8657948086806035
    ],
    "max_values": [
        50.48099613189697,
        51.138001441955566,
        48.5,
        50.3799991607666,
        50.3799991607666,
        12372000.0,
        3.8665895306539646,
        50.27899932861328,
        50.35474920272827,
        3.594181082340208,
        98.04257204912699,
        4.23728050170908,
        3.254919035607809
    ],
    "feature_names": [
        "Open",
        "High",
        "Low",
        "Close",
        "Adj Close",
        "Volume",
        "Returns",
        "MA_5",
        "MA_20",
        "Volatility",
        "RSI",
        "MACD",
        "MACD_Signal"
    ],
    "sample_original": {
        "Open": 50.48099613189697,
        "High": 51.138001441955566,
        "Low": 48.5,
        "Close": 49.875,
        "Adj Close": 49.875,
        "Volume": 1690100.0,
        "Returns": -0.3152728365820094,
        "MA_5": 50.27899932861328,
        "MA_20": 50.35474920272827,
        "Volatility": -1.3397144290954572,
        "RSI": 0.0,
        "MACD": -0.040284833337508985,
        "MACD_Signal": -0.008056966667501797
    },
    "sample_scaled": {
        "Open": 1.0,
        "High": 1.0,
        "Low": 0.9999999999999999,
        "Close": 0.9898858568168604,
        "Adj Close": 0.9898858568168604,
        "Volume": 0.12965648730567414,
        "Returns": 0.42092478942935907,
        "MA_5": 1.0,
        "MA_20": 0.9999999999999999,
        "Volatility": 0.0,
        "RSI": 0.0,
        "MACD": 0.5889340241020339,
        "MACD_Signal": 0.6422455459099118
    }
}