{
    "feature_order": [
        "Open",
        "High",
        "Low",
        "Close",
        "Adj Close",
        "Volume",
        "Returns",
        "MA_5",
        "MA_20",
        "Volatility",
        "RSI",
        "MACD",
        "MACD_Signal"
    ],
    "min_values": [
        15.880000114440918,
        16.469999313354492,
        14.550000190734863,
        15.5600004196167,
        12.58030128479004,
        12800.0,
        -2.696158799634395,
        16.368000030517578,
        16.870999908447267,
        -1.84430790096265,
        1.0314598783521092,
        -14.877309458876834,
        -13.292437852718537
    ],
    "max_values": [
        161.5399932861328,
        162.24000549316406,
        158.82000732421875,
        160.39999389648438,
        140.243896484375,
        6161400.0,
        3.1253151924115175,
        157.96799926757814,
        147.70049972534179,
        4.662120607615571,
        100.0,
        8.088484325536626,
        7.228256692800061
    ],
    "feature_names": [
        "Open",
        "High",
        "Low",
        "Close",
        "Adj Close",
        "Volume",
        "Returns",
        "MA_5",
        "MA_20",
        "Volatility",
        "RSI",
        "MACD",
        "MACD_Signal"
    ],
    "sample_original": {
        "Open": 16.989999771118164,
        "High": 17.229999542236328,
        "Low": 16.559999465942383,
        "Close": 17.0,
        "Adj Close": 13.51911163330078,
        "Volume": 72100.0,
        "Returns": -0.5538055567681978,
        "MA_5": 17.086000061035158,
        "MA_20": 17.34500013078962,
        "Volatility": -1.2674847422097848,
        "RSI": 39.669397386768644,
        "MACD": -0.1158192108603977,
        "MACD_Signal": -0.06905846243832152
    },
    "sample_scaled": {
        "Open": 0.007620484063656868,
        "High": 0.005213694152858606,
        "Low": 0.013932204726016237,
        "Close": 0.009942002521653545,
        "Adj Close": 0.007353782783909801,
        "Volume": 0.00964447191230524,
        "Returns": 0.3680087286816657,
        "MA_5": 0.005070621711766643,
        "MA_20": 0.003623037793507977,
        "Volatility": 0.08865434515915588,
        "RSI": 0.3904062590084126,
        "MACD": 0.6427598534841342,
        "MACD_Signal": 0.6443923893973655
    }
}