{
    "feature_order": [
        "Open",
        "High",
        "Low",
        "Close",
        "Adj Close",
        "Volume",
        "Returns",
        "MA_5",
        "MA_20",
        "Volatility",
        "RSI",
        "MACD",
        "MACD_Signal"
    ],
    "min_values": [
        3.84375,
        3.9375,
        3.65625,
        3.765625,
        3.765625,
        80000.0,
        -2.9597780314693147,
        3.8875,
        4.05390625,
        -1.832183379295337,
        2.466880250625522,
        -8.482851640488718,
        -7.766842663320912
    ],
    "max_values": [
        291.2099914550781,
        296.25,
        288.2099914550781,
        290.9700012207031,
        290.9700012207031,
        2163000.0,
        3.1613509260375747,
        288.7879943847656,
        283.63499755859374,
        3.783240579008526,
        98.74777021208064,
        8.091210586640472,
        7.144834012521432
    ],
    "feature_names": [
        "Open",
        "High",
        "Low",
        "Close",
        "Adj Close",
        "Volume",
        "Returns",
        "MA_5",
        "MA_20",
        "Volatility",
        "RSI",
        "MACD",
        "MACD_Signal"
    ],
    "sample_original": {
        "Open": 4.125,
        "High": 4.171875,
        "Low": 4.070312976837158,
        "Close": 4.09375,
        "Adj Close": 4.09375,
        "Volume": 461600.0,
        "Returns": -0.4573910174834341,
        "MA_5": 4.228125,
        "MA_20": 4.116071428571429,
        "Volatility": 2.296522433395026,
        "RSI": 52.38095238095237,
        "MACD": 0.060402349805457334,
        "MACD_Signal": 0.05367983544990981
    },
    "sample_scaled": {
        "Open": 0.000978716214458216,
        "High": 0.0008017960230917252,
        "Low": 0.001455131022772109,
        "Close": 0.0011424791095378407,
        "Adj Close": 0.0011424791095378407,
        "Volume": 0.1831973115698512,
        "Returns": 0.4088113534868399,
        "MA_5": 0.0011955928708918886,
        "MA_20": 0.00022235115501002475,
        "Volatility": 0.735243829022918,
        "RSI": 0.5184213830003995,
        "MACD": 0.51545926841702,
        "MACD_Signal": 0.5244562813945971
    }
}