{
    "feature_order": [
        "Open",
        "High",
        "Low",
        "Close",
        "Adj Close",
        "Volume",
        "Returns",
        "MA_5",
        "MA_20",
        "Volatility",
        "RSI",
        "MACD",
        "MACD_Signal"
    ],
    "min_values": [
        26.90999984741211,
        27.18000030517578,
        26.600000381469727,
        26.90999984741211,
        25.894222259521484,
        126200.0,
        -3.021621635808007,
        27.21800003051758,
        27.628571374075754,
        -2.012091494816067,
        2.0978218825443804,
        -9.398898174739259,
        -7.187724985240998
    ],
    "max_values": [
        229.58999633789065,
        231.57000732421875,
        228.1300048828125,
        230.02999877929688,
        225.3841552734375,
        2266000.0,
        3.1758194982095214,
        228.56200256347657,
        226.4440010070801,
        5.534736095631432,
        95.4319816591331,
        5.239251527666681,
        4.620341065110202
    ],
    "feature_names": [
        "Open",
        "High",
        "Low",
        "Close",
        "Adj Close",
        "Volume",
        "Returns",
        "MA_5",
        "MA_20",
        "Volatility",
        "RSI",
        "MACD",
        "MACD_Signal"
    ],
    "sample_original": {
        "Open": 27.82999992370605,
        "High": 28.600000381469727,
        "Low": 27.76000022888184,
        "Close": 28.450000762939453,
        "Adj Close": 27.376087188720703,
        "Volume": 834400.0,
        "Returns": 0.17337953132480294,
        "MA_5": 28.154000091552735,
        "MA_20": 27.628571374075754,
        "Volatility": 2.1101683326375023,
        "RSI": 60.88496931531586,
        "MACD": 0.28725186664561875,
        "MACD_Signal": 0.1740140806474062
    },
    "sample_scaled": {
        "Open": 0.004539175509296806,
        "High": 0.006947502458677646,
        "Low": 0.005755965967858573,
        "Close": 0.007581729635808915,
        "Adj Close": 0.0074282692204616085,
        "Volume": 0.3309655107954015,
        "Returns": 0.5155355408856673,
        "MA_5": 0.004648760575234584,
        "MA_20": 0.0,
        "Volatility": 0.5462241952726437,
        "RSI": 0.6298567166993154,
        "MACD": 0.661705901244667,
        "MACD_Signal": 0.6234500242882236
    }
}