{
    "feature_order": [
        "Open",
        "High",
        "Low",
        "Close",
        "Adj Close",
        "Volume",
        "Returns",
        "MA_5",
        "MA_20",
        "Volatility",
        "RSI",
        "MACD",
        "MACD_Signal"
    ],
    "min_values": [
        5.737500190734863,
        6.06374979019165,
        5.568749904632568,
        5.636250019073486,
        3.455850601196289,
        66700.0,
        -2.9781369365758232,
        6.144750022888184,
        6.978375005722046,
        -1.3726348259487768,
        0.27099175262469544,
        -6.694393158216002,
        -5.435277391781311
    ],
    "max_values": [
        219.57000732421875,
        221.66000366210935,
        217.0,
        220.77999877929688,
        207.706298828125,
        7186100.0,
        3.3419521308735836,
        217.98199768066405,
        213.64399948120118,
        3.4437576193581423,
        97.61902976962463,
        7.5674927990381775,
        6.481437134745168
    ],
    "feature_names": [
        "Open",
        "High",
        "Low",
        "Close",
        "Adj Close",
        "Volume",
        "Returns",
        "MA_5",
        "MA_20",
        "Volatility",
        "RSI",
        "MACD",
        "MACD_Signal"
    ],
    "sample_original": {
        "Open": 53.7890625,
        "High": 54.0,
        "Low": 51.9375,
        "Close": 52.125,
        "Adj Close": 31.960302352905277,
        "Volume": 3165867.0,
        "Returns": -0.7224004295748847,
        "MA_5": 49.6078125,
        "MA_20": 43.78125,
        "Volatility": 2.4974938580442805,
        "RSI": 66.30630630630631,
        "MACD": 1.7427540476354295,
        "MACD_Signal": 0.39372241293243526
    },
    "sample_scaled": {
        "Open": 0.22471589073811488,
        "High": 0.2223426861502265,
        "Low": 0.21930887735116028,
        "Close": 0.21608227173143663,
        "Adj Close": 0.1395563730662644,
        "Volume": 0.4353129477203135,
        "Returns": 0.35691530339639405,
        "MA_5": 0.205171956101538,
        "MA_20": 0.17807932542087868,
        "Volatility": 0.8035326705497392,
        "RSI": 0.6783425315890788,
        "MACD": 0.5915870615667034,
        "MACD_Signal": 0.4891448722496839
    }
}