{
    "feature_order": [
        "Open",
        "High",
        "Low",
        "Close",
        "Adj Close",
        "Volume",
        "Returns",
        "MA_5",
        "MA_20",
        "Volatility",
        "RSI",
        "MACD",
        "MACD_Signal"
    ],
    "min_values": [
        8.109999656677246,
        8.380000114440918,
        7.829999923706055,
        8.0,
        8.0,
        0.0,
        -3.007982159360877,
        8.28600025177002,
        8.681500101089478,
        -1.6018354729691955,
        2.6470621234390705,
        -7.790484630242645,
        -7.282280324790858
    ],
    "max_values": [
        249.8500061035156,
        249.8500061035156,
        245.2400054931641,
        247.80999755859372,
        247.80999755859372,
        4891500.0,
        3.418491875259398,
        244.54400024414062,
        237.98399963378907,
        4.076872130936877,
        95.62289216320605,
        9.619977496699335,
        8.20173128499539
    ],
    "feature_names": [
        "Open",
        "High",
        "Low",
        "Close",
        "Adj Close",
        "Volume",
        "Returns",
        "MA_5",
        "MA_20",
        "Volatility",
        "RSI",
        "MACD",
        "MACD_Signal"
    ],
    "sample_original": {
        "Open": 22.03125,
        "High": 25.25,
        "Low": 22.0,
        "Close": 24.59375,
        "Adj Close": 24.59375,
        "Volume": 1096000.0,
        "Returns": 3.418491875259398,
        "MA_5": 22.209375,
        "MA_20": 19.768973214285715,
        "Volatility": 2.413689573537578,
        "RSI": 73.96907216494846,
        "MACD": 1.0043441342053292,
        "MACD_Signal": 0.4341244350663533
    },
    "sample_scaled": {
        "Open": 0.057587697410706455,
        "High": 0.0698637489838898,
        "Low": 0.05968577458353282,
        "Close": 0.0691954053998336,
        "Adj Close": 0.0691954053998336,
        "Volume": 0.22406214862516613,
        "Returns": 1.0,
        "MA_5": 0.05893292395889072,
        "MA_20": 0.048353040790186035,
        "Volatility": 0.7071195290535319,
        "RSI": 0.7671026976688892,
        "MACD": 0.5051461988960267,
        "MACD_Signal": 0.49834661419268556
    }
}