{
    "feature_order": [
        "Open",
        "High",
        "Low",
        "Close",
        "Adj Close",
        "Volume",
        "Returns",
        "MA_5",
        "MA_20",
        "Volatility",
        "RSI",
        "MACD",
        "MACD_Signal"
    ],
    "min_values": [
        5.735000133514404,
        5.980000019073486,
        5.550000190734863,
        5.610000133514404,
        4.01823616027832,
        63900.0,
        -3.1744179277554476,
        5.943000030517578,
        6.347000002861023,
        -1.6375537712044876,
        4.896165609796498,
        -1.4394167297626126,
        -1.2941161401312744
    ],
    "max_values": [
        47.68000030517578,
        47.7400016784668,
        47.27000045776367,
        47.5,
        41.77710723876953,
        80942200.0,
        3.2785092616786966,
        47.077999114990234,
        46.06950035095215,
        4.026922275214003,
        96.51560302729878,
        0.9355844087149876,
        0.8842304842263258
    ],
    "feature_names": [
        "Open",
        "High",
        "Low",
        "Close",
        "Adj Close",
        "Volume",
        "Returns",
        "MA_5",
        "MA_20",
        "Volatility",
        "RSI",
        "MACD",
        "MACD_Signal"
    ],
    "sample_original": {
        "Open": 16.791667938232422,
        "High": 16.916667938232422,
        "Low": 16.270832061767578,
        "Close": 16.541667938232422,
        "Adj Close": 11.686952590942385,
        "Volume": 815400.0,
        "Returns": -0.2932235715482152,
        "MA_5": 16.55,
        "MA_20": 15.492559569222587,
        "Volatility": 3.427913355349589,
        "RSI": 55.15696540092806,
        "MACD": 0.2766723053572715,
        "MACD_Signal": 0.06869387348374052
    },
    "sample_scaled": {
        "Open": 0.26359918368025315,
        "High": 0.26189337846204064,
        "Low": 0.25697104032631934,
        "Close": 0.26096127571162825,
        "Adj Close": 0.2030970792194165,
        "Volume": 0.0092917383278333,
        "Returns": 0.4464941679374324,
        "MA_5": 0.2578582765420865,
        "MA_20": 0.23023625114779706,
        "Volatility": 0.894251663356728,
        "RSI": 0.5485822791303248,
        "MACD": 0.7225634578937148,
        "MACD_Signal": 0.6256166940451504
    }
}