{
    "feature_order": [
        "Open",
        "High",
        "Low",
        "Close",
        "Adj Close",
        "Volume",
        "Returns",
        "MA_5",
        "MA_20",
        "Volatility",
        "RSI",
        "MACD",
        "MACD_Signal"
    ],
    "min_values": [
        8.449999809265137,
        9.210000038146973,
        8.119999885559082,
        8.600000381469727,
        5.699847221374512,
        922900.0,
        -3.5072886173848747,
        9.22199993133545,
        10.25999994277954,
        -1.3720979657427546,
        3.384577463342211,
        -3.937175744462607,
        -3.5254280051539033
    ],
    "max_values": [
        81.4375,
        82.0,
        79.0625,
        80.0625,
        53.06325149536133,
        157280200.0,
        3.255795433075551,
        78.2375,
        72.88203125,
        3.8223885044639165,
        98.75515913686601,
        3.685425630412354,
        3.025718124398984
    ],
    "feature_names": [
        "Open",
        "High",
        "Low",
        "Close",
        "Adj Close",
        "Volume",
        "Returns",
        "MA_5",
        "MA_20",
        "Volatility",
        "RSI",
        "MACD",
        "MACD_Signal"
    ],
    "sample_original": {
        "Open": 57.4375,
        "High": 57.6875,
        "Low": 56.21875,
        "Close": 57.625,
        "Adj Close": 38.1922721862793,
        "Volume": 44974600.0,
        "Returns": 1.2511350543396735,
        "MA_5": 55.95,
        "MA_20": 53.69419642857143,
        "Volatility": 1.455720850036922,
        "RSI": 60.176991150442475,
        "MACD": 0.6152132725992701,
        "MACD_Signal": 0.07828885932437663
    },
    "sample_scaled": {
        "Open": 0.6711765721900065,
        "High": 0.6659912074084158,
        "Low": 0.6779962650999105,
        "Close": 0.6860241368581803,
        "Adj Close": 0.686023850332702,
        "Volume": 0.2817374052890399,
        "Returns": 0.7035878359963008,
        "MA_5": 0.6770652972473454,
        "MA_20": 0.6935929029945702,
        "Volatility": 0.5443885227151564,
        "RSI": 0.5954919503533512,
        "MACD": 0.5972224957305409,
        "MACD_Signal": 0.5500895252849798
    }
}