{
    "feature_order": [
        "Open",
        "High",
        "Low",
        "Close",
        "Adj Close",
        "Volume",
        "Returns",
        "MA_5",
        "MA_20",
        "Volatility",
        "RSI",
        "MACD",
        "MACD_Signal"
    ],
    "min_values": [
        29.100000381469727,
        29.700000762939453,
        29.100000381469727,
        29.5,
        29.5,
        0.0,
        -2.8355466191787353,
        29.660000610351563,
        29.88050012588501,
        -2.2568898886268984,
        0.0,
        -35.578682077251585,
        -27.819521149986787
    ],
    "max_values": [
        823.0800170898438,
        825.6199951171875,
        817.530029296875,
        821.010009765625,
        821.010009765625,
        3800600.0,
        3.105433387273254,
        816.3280029296875,
        798.7654998779296,
        4.6098975396176325,
        95.11168635401567,
        19.450063918581918,
        18.342051971741913
    ],
    "feature_names": [
        "Open",
        "High",
        "Low",
        "Close",
        "Adj Close",
        "Volume",
        "Returns",
        "MA_5",
        "MA_20",
        "Volatility",
        "RSI",
        "MACD",
        "MACD_Signal"
    ],
    "sample_original": {
        "Open": 31.100000381469727,
        "High": 31.25,
        "Low": 31.0,
        "Close": 31.25,
        "Adj Close": 31.25,
        "Volume": 1300.0,
        "Returns": -0.5233272306496368,
        "MA_5": 31.620000076293945,
        "MA_20": 32.953571455819265,
        "Volatility": -0.7318396816750031,
        "RSI": 0.0,
        "MACD": -0.9238008826250592,
        "MACD_Signal": -0.6576892123698728
    },
    "sample_scaled": {
        "Open": 0.0025189550844005593,
        "High": 0.0019474309579546392,
        "Low": 0.0024098519194455104,
        "Close": 0.0022109638266207127,
        "Adj Close": 0.0022109638266207127,
        "Volume": 0.0003420512550649897,
        "Returns": 0.38919831172937713,
        "MA_5": 0.0024915205145801117,
        "MA_20": 0.003996789286987365,
        "Volatility": 0.22209078450266934,
        "RSI": 0.0,
        "MACD": 0.6297596023222193,
        "MACD_Signal": 0.588407848796461
    }
}