{
    "feature_order": [
        "Open",
        "High",
        "Low",
        "Close",
        "Adj Close",
        "Volume",
        "Returns",
        "MA_5",
        "MA_20",
        "Volatility",
        "RSI",
        "MACD",
        "MACD_Signal"
    ],
    "min_values": [
        27.899999618530277,
        29.25,
        27.549999237060547,
        28.040000915527344,
        28.040000915527344,
        574800.0,
        -2.4595678897450006,
        30.17600021362305,
        32.754500198364255,
        -1.8238912312478093,
        11.623839715002944,
        -11.462083333961317,
        -10.194409145310425
    ],
    "max_values": [
        197.6959991455078,
        199.6750030517578,
        192.0,
        196.55999755859372,
        196.55999755859372,
        11575850.0,
        3.019511913233281,
        192.01600036621093,
        184.3634994506836,
        2.622579607334057,
        99.40398492006693,
        11.471351220988026,
        10.369615639474109
    ],
    "feature_names": [
        "Open",
        "High",
        "Low",
        "Close",
        "Adj Close",
        "Volume",
        "Returns",
        "MA_5",
        "MA_20",
        "Volatility",
        "RSI",
        "MACD",
        "MACD_Signal"
    ],
    "sample_original": {
        "Open": 36.5,
        "High": 36.70000076293945,
        "Low": 34.91999816894531,
        "Close": 35.45000076293945,
        "Adj Close": 35.45000076293945,
        "Volume": 1217000.0,
        "Returns": -1.113730493430421,
        "MA_5": 34.19400062561035,
        "MA_20": 34.395714487348286,
        "Volatility": 1.3692517597150924,
        "RSI": 44.262299011826606,
        "MACD": -0.7633191724386634,
        "MACD_Signal": -0.935334386270796
    },
    "sample_scaled": {
        "Open": 0.050649016498785865,
        "High": 0.04371424749616637,
        "Low": 0.0448160468087129,
        "Close": 0.04397104198326596,
        "Adj Close": 0.04397104198326596,
        "Volume": 0.05837624590380009,
        "Returns": 0.24563201207308902,
        "MA_5": 0.02482699214161521,
        "MA_20": 0.010825309164217839,
        "Volatility": 0.7181297498357835,
        "RSI": 0.3718205206949323,
        "MACD": 0.4665138200686001,
        "MACD_Signal": 0.4502559618528802
    }
}