{
    "feature_order": [
        "Open",
        "High",
        "Low",
        "Close",
        "Adj Close",
        "Volume",
        "Returns",
        "MA_5",
        "MA_20",
        "Volatility",
        "RSI",
        "MACD",
        "MACD_Signal"
    ],
    "min_values": [
        20.899999618530277,
        22.06999969482422,
        19.989999771118164,
        20.059999465942383,
        16.251901626586914,
        777300.0,
        -3.2598143484612687,
        22.256000137329103,
        23.476499938964842,
        -1.9219718437993925,
        3.361379893989934,
        -4.012055152649005,
        -3.5741243843464483
    ],
    "max_values": [
        94.8499984741211,
        97.7699966430664,
        93.13999938964844,
        96.6500015258789,
        67.92850494384766,
        18907575.0,
        2.8316080184091463,
        94.18000183105468,
        92.12899971008301,
        5.0185084762432215,
        94.47311864795384,
        2.1466635414701045,
        1.6494378507951546
    ],
    "feature_names": [
        "Open",
        "High",
        "Low",
        "Close",
        "Adj Close",
        "Volume",
        "Returns",
        "MA_5",
        "MA_20",
        "Volatility",
        "RSI",
        "MACD",
        "MACD_Signal"
    ],
    "sample_original": {
        "Open": 78.41999816894531,
        "High": 78.56999969482422,
        "Low": 76.63999938964844,
        "Close": 76.73999786376953,
        "Adj Close": 51.59574508666992,
        "Volume": 2975400.0,
        "Returns": -1.7430574760461564,
        "MA_5": 79.06799926757813,
        "MA_20": 77.33785683768136,
        "Volatility": 1.2815546402432396,
        "RSI": 61.68107826208325,
        "MACD": 1.500861536971371,
        "MACD_Signal": 1.3452538100531708
    },
    "sample_scaled": {
        "Open": 0.7778228457141668,
        "High": 0.7463672691906493,
        "Low": 0.7744360890492713,
        "Close": 0.7400443513955185,
        "Adj Close": 0.683942852108425,
        "Volume": 0.12123919797134902,
        "Returns": 0.2489988020965907,
        "MA_5": 0.7898892969299998,
        "MA_20": 0.7845505564733388,
        "Volatility": 0.46157129425056315,
        "RSI": 0.6400898409542871,
        "MACD": 0.89514020097794,
        "MACD_Signal": 0.9417669346991635
    }
}