{
    "feature_order": [
        "Open",
        "High",
        "Low",
        "Close",
        "Adj Close",
        "Volume",
        "Returns",
        "MA_5",
        "MA_20",
        "Volatility",
        "RSI",
        "MACD",
        "MACD_Signal"
    ],
    "min_values": [
        17.850000381469727,
        19.459999084472656,
        16.920000076293945,
        17.920000076293945,
        17.920000076293945,
        186900.0,
        -2.956045032045184,
        19.470000076293946,
        21.405000114440917,
        -2.0564697886673233,
        6.113990251770019,
        -26.64880509412731,
        -24.18098662260368
    ],
    "max_values": [
        455.2000122070313,
        483.1300048828125,
        445.5899963378906,
        458.1300048828125,
        458.1300048828125,
        4912625.0,
        2.952125906797384,
        450.62200317382815,
        438.66749877929686,
        3.2602616947163967,
        100.0,
        24.063713892228947,
        20.439132202197136
    ],
    "feature_names": [
        "Open",
        "High",
        "Low",
        "Close",
        "Adj Close",
        "Volume",
        "Returns",
        "MA_5",
        "MA_20",
        "Volatility",
        "RSI",
        "MACD",
        "MACD_Signal"
    ],
    "sample_original": {
        "Open": 29.209999084472656,
        "High": 31.309999465942383,
        "Low": 29.209999084472656,
        "Close": 31.100000381469727,
        "Adj Close": 31.100000381469727,
        "Volume": 888100.0,
        "Returns": 2.6235716486450906,
        "MA_5": 29.35999984741211,
        "MA_20": 27.71142864227295,
        "Volatility": 1.53103608302129,
        "RSI": 79.84632996109214,
        "MACD": 2.199446765543307,
        "MACD_Signal": 1.8413901677496844
    },
    "sample_scaled": {
        "Open": 0.02597461620175718,
        "High": 0.025556969899458083,
        "Low": 0.028670070486292477,
        "Close": 0.02994025615335269,
        "Adj Close": 0.02994025615335269,
        "Volume": 0.14837934920038726,
        "Returns": 0.9443898523666179,
        "MA_5": 0.022938545339150074,
        "MA_20": 0.015113815758691841,
        "Volatility": 0.6747577685464421,
        "RSI": 0.7853389435449107,
        "MACD": 0.568858586327214,
        "MACD_Signal": 0.5831982853414001
    }
}