{
    "feature_order": [
        "Open",
        "High",
        "Low",
        "Close",
        "Adj Close",
        "Volume",
        "Returns",
        "MA_5",
        "MA_20",
        "Volatility",
        "RSI",
        "MACD",
        "MACD_Signal"
    ],
    "min_values": [
        0.2319640070199966,
        0.2355359941720962,
        0.2271430045366287,
        0.2342859953641891,
        0.1974142342805862,
        39340000.0,
        -2.952266095274934,
        0.23714299798011776,
        0.24679469689726824,
        -1.5570662570810403,
        3.5870027970292284,
        -2.7631281452452825,
        -2.387855161139292
    ],
    "max_values": [
        57.69499969482422,
        58.36750030517578,
        57.44499969482422,
        58.01750183105469,
        55.16102600097656,
        1721131200.0,
        3.077616965292869,
        57.117000579833984,
        55.864000129699704,
        3.208571603829403,
        97.86462791645539,
        1.7693905371239396,
        1.6268134778161258
    ],
    "feature_names": [
        "Open",
        "High",
        "Low",
        "Close",
        "Adj Close",
        "Volume",
        "Returns",
        "MA_5",
        "MA_20",
        "Volatility",
        "RSI",
        "MACD",
        "MACD_Signal"
    ],
    "sample_original": {
        "Open": 1.020089030265808,
        "High": 1.020089030265808,
        "Low": 0.9838169813156128,
        "Close": 0.993861973285675,
        "Adj Close": 0.8374484181404114,
        "Volume": 495924800.0,
        "Returns": -0.9494870157428846,
        "MA_5": 0.9566964149475098,
        "MA_20": 0.9076052137783596,
        "Volatility": 3.128902167827307,
        "RSI": 49.52110171620096,
        "MACD": -0.009620965556855654,
        "MACD_Signal": -0.023613455942845557
    },
    "sample_scaled": {
        "Open": 0.013715339153463499,
        "High": 0.01349606959600375,
        "Low": 0.01322443762398785,
        "Close": 0.013145270074295947,
        "Adj Close": 0.011644689336948564,
        "Volume": 0.2714872095893949,
        "Returns": 0.3321422753003535,
        "MA_5": 0.01265040820349993,
        "MA_20": 0.011881404535499232,
        "Volatility": 0.9832825241180043,
        "RSI": 0.4872216378062634,
        "MACD": 0.6075004589388969,
        "MACD_Signal": 0.588900832874616
    }
}