{
    "feature_order": [
        "Open",
        "High",
        "Low",
        "Close",
        "Adj Close",
        "Volume",
        "Returns",
        "MA_5",
        "MA_20",
        "Volatility",
        "RSI",
        "MACD",
        "MACD_Signal"
    ],
    "min_values": [
        0.2791669964790344,
        0.2916670143604278,
        0.2750000059604645,
        0.2808330059051513,
        0.2808330059051513,
        3600.0,
        -3.0142901267085893,
        0.2844998002052307,
        0.2894583493471145,
        -1.7132304506031673,
        2.310936849639546,
        -3.7550656714280706,
        -3.5649578187980575
    ],
    "max_values": [
        75.25,
        76.44999694824219,
        73.1500015258789,
        74.88999938964844,
        74.88999938964844,
        4335300.0,
        3.6200135299645604,
        73.38399963378906,
        69.9599998474121,
        3.16287570207478,
        97.85440965874818,
        5.316537720300893,
        5.072670151746076
    ],
    "feature_names": [
        "Open",
        "High",
        "Low",
        "Close",
        "Adj Close",
        "Volume",
        "Returns",
        "MA_5",
        "MA_20",
        "Volatility",
        "RSI",
        "MACD",
        "MACD_Signal"
    ],
    "sample_original": {
        "Open": 0.5166670083999634,
        "High": 0.5208330154418945,
        "Low": 0.5,
        "Close": 0.5,
        "Adj Close": 0.5,
        "Volume": 96000.0,
        "Returns": -1.2598904029418911,
        "MA_5": 0.5225000023841858,
        "MA_20": 0.4997023620775768,
        "Volatility": 0.5956811998688661,
        "RSI": 62.63152891928089,
        "MACD": 0.016349774447403043,
        "MACD_Signal": 0.013760679978830861
    },
    "sample_scaled": {
        "Open": 0.003167898800187733,
        "High": 0.0030090733512725576,
        "Low": 0.0030874784129923862,
        "Close": 0.002937534417253633,
        "Adj Close": 0.002937534417253633,
        "Volume": 0.021331117113373505,
        "Returns": 0.2644436876207838,
        "MA_5": 0.0032558389964470256,
        "MA_20": 0.0030176887994519397,
        "Volatility": 0.47351546052868104,
        "RSI": 0.6313418415317502,
        "MACD": 0.4157385726666647,
        "MACD_Signal": 0.41431727680110353
    }
}