{
    "feature_order": [
        "Open",
        "High",
        "Low",
        "Close",
        "Adj Close",
        "Volume",
        "Returns",
        "MA_5",
        "MA_20",
        "Volatility",
        "RSI",
        "MACD",
        "MACD_Signal"
    ],
    "min_values": [
        20.549999237060547,
        21.049999237060547,
        20.309999465942383,
        20.43000030517578,
        10.370430946350098,
        413400.0,
        -2.9930916817506867,
        20.972000122070312,
        22.226999950408935,
        -1.5902006023078148,
        2.7295432161110824,
        -3.804118399720082,
        -3.03467381921005
    ],
    "max_values": [
        90.29000091552734,
        90.54000091552734,
        89.5,
        90.2300033569336,
        78.20858001708984,
        7069700.0,
        3.5004735134238905,
        89.50200042724609,
        88.35650024414062,
        3.4951347953172753,
        100.0,
        2.3107605149255193,
        1.9367005314371144
    ],
    "feature_names": [
        "Open",
        "High",
        "Low",
        "Close",
        "Adj Close",
        "Volume",
        "Returns",
        "MA_5",
        "MA_20",
        "Volatility",
        "RSI",
        "MACD",
        "MACD_Signal"
    ],
    "sample_original": {
        "Open": 31.25,
        "High": 31.25,
        "Low": 30.25,
        "Close": 30.541667938232425,
        "Adj Close": 14.993803024291992,
        "Volume": 2760450.0,
        "Returns": -0.6816961545237646,
        "MA_5": 30.416667175292968,
        "MA_20": 28.18154798235212,
        "Volatility": 2.5606677090904753,
        "RSI": 66.66667760487393,
        "MACD": 0.9916719081718881,
        "MACD_Signal": 0.5676462057893938
    },
    "sample_scaled": {
        "Open": 0.1534270218729179,
        "High": 0.14678371732001522,
        "Low": 0.14366238556631916,
        "Close": 0.14486629213409463,
        "Adj Close": 0.06815298090047783,
        "Volume": 0.3526058020221444,
        "Returns": 0.3559516933693897,
        "MA_5": 0.13781799228314523,
        "MA_20": 0.09004374757853129,
        "Volatility": 0.8162427818107717,
        "RSI": 0.6573129859029598,
        "MACD": 0.784282137853243,
        "MACD_Signal": 0.7246125057008632
    }
}