{
    "feature_order": [
        "Open",
        "High",
        "Low",
        "Close",
        "Adj Close",
        "Volume",
        "Returns",
        "MA_5",
        "MA_20",
        "Volatility",
        "RSI",
        "MACD",
        "MACD_Signal"
    ],
    "min_values": [
        2.273437976837158,
        2.390625,
        2.230468988418579,
        2.230468988418579,
        1.3859862089157104,
        268000.0,
        -2.9987245625449517,
        2.3984375953674317,
        2.6139649987220763,
        -1.735780302900562,
        2.7347247766558667,
        -1.04635971528106,
        -0.9075281596932292
    ],
    "max_values": [
        38.40999984741211,
        39.310001373291016,
        38.290000915527344,
        39.02000045776367,
        34.207977294921875,
        13950800.0,
        3.255174263977447,
        38.432000732421876,
        37.023000335693354,
        4.052382716574754,
        97.11749431179003,
        1.4946522991970568,
        1.2679840602993089
    ],
    "feature_names": [
        "Open",
        "High",
        "Low",
        "Close",
        "Adj Close",
        "Volume",
        "Returns",
        "MA_5",
        "MA_20",
        "Volatility",
        "RSI",
        "MACD",
        "MACD_Signal"
    ],
    "sample_original": {
        "Open": 3.046875,
        "High": 3.089843988418579,
        "Low": 3.015625,
        "Close": 3.060547113418579,
        "Adj Close": 1.89819610118866,
        "Volume": 6924800.0,
        "Returns": 0.13494178543157337,
        "MA_5": 2.937890815734863,
        "MA_20": 2.724330493382045,
        "Volatility": 2.530834297308273,
        "RSI": 67.32997448473498,
        "MACD": 0.08509350617686362,
        "MACD_Signal": 0.03240243158529497
    },
    "sample_scaled": {
        "Open": 0.021403171279352706,
        "High": 0.01893907907188873,
        "Low": 0.021773882510969532,
        "Close": 0.02256288927440306,
        "Adj Close": 0.015605692260739566,
        "Volume": 0.4865086093489637,
        "Returns": 0.5010740395554273,
        "MA_5": 0.014970854209327256,
        "MA_20": 0.0032074568083396704,
        "Volatility": 0.7371275801757903,
        "RSI": 0.6843966332650729,
        "MACD": 0.44527661223605275,
        "MACD_Signal": 0.4320502466686894
    }
}