{
    "feature_order": [
        "Open",
        "High",
        "Low",
        "Close",
        "Adj Close",
        "Volume",
        "Returns",
        "MA_5",
        "MA_20",
        "Volatility",
        "RSI",
        "MACD",
        "MACD_Signal"
    ],
    "min_values": [
        8.260000228881836,
        8.449999809265137,
        7.800000190734863,
        8.140000343322754,
        6.198139190673828,
        415200.0,
        -2.8675674030546507,
        8.492000198364257,
        9.037500095367431,
        -1.2277306529790328,
        0.0,
        -3.6689880692850814,
        -3.347276917849778
    ],
    "max_values": [
        61.90999984741211,
        62.400001525878906,
        60.880001068115234,
        61.61000061035156,
        56.79626083374024,
        74680700.0,
        3.2185308666876087,
        60.555999755859375,
        59.11249961853027,
        3.2438785151824368,
        97.15537803709948,
        3.106618285549928,
        2.753184314584236
    ],
    "feature_names": [
        "Open",
        "High",
        "Low",
        "Close",
        "Adj Close",
        "Volume",
        "Returns",
        "MA_5",
        "MA_20",
        "Volatility",
        "RSI",
        "MACD",
        "MACD_Signal"
    ],
    "sample_original": {
        "Open": 35.40625,
        "High": 35.6875,
        "Low": 34.453125,
        "Close": 35.3125,
        "Adj Close": 25.77654457092285,
        "Volume": 30846000.0,
        "Returns": 0.33743282712814004,
        "MA_5": 34.71875,
        "MA_20": 31.9375,
        "Volatility": 1.9395307365534744,
        "RSI": 62.66094420600858,
        "MACD": 0.8578629275519845,
        "MACD_Signal": 0.28449007412254085
    },
    "sample_scaled": {
        "Open": 0.5059878837677022,
        "High": 0.5048656037826806,
        "Low": 0.5021312051376239,
        "Close": 0.508182149260856,
        "Adj Close": 0.38693937135375656,
        "Volume": 0.4097568857679542,
        "Returns": 0.5266100033443133,
        "MA_5": 0.5037405889778621,
        "MA_20": 0.4573140314068276,
        "Volatility": 0.708304610359037,
        "RSI": 0.6449560021482397,
        "MACD": 0.6681100937345257,
        "MACD_Signal": 0.595326624266291
    }
}