{
    "feature_order": [
        "Open",
        "High",
        "Low",
        "Close",
        "Adj Close",
        "Volume",
        "Returns",
        "MA_5",
        "MA_20",
        "Volatility",
        "RSI",
        "MACD",
        "MACD_Signal"
    ],
    "min_values": [
        1.1866669654846191,
        1.1933330297470093,
        1.1593329906463623,
        1.1733330488204956,
        1.1733330488204956,
        1777500.0,
        -2.772817780138967,
        1.2217332124710083,
        1.2851999878883362,
        -2.1032365911100555,
        5.139218217411539,
        -17.107904084433784,
        -12.473711857639547
    ],
    "max_values": [
        411.4700012207031,
        414.4966735839844,
        405.6666564941406,
        409.9700012207031,
        409.9700012207031,
        338394000.0,
        3.2494005526436722,
        403.09666748046874,
        373.15249786376955,
        3.5843514084152224,
        97.12920259126192,
        38.06792973439843,
        31.285426024942048
    ],
    "feature_names": [
        "Open",
        "High",
        "Low",
        "Close",
        "Adj Close",
        "Volume",
        "Returns",
        "MA_5",
        "MA_20",
        "Volatility",
        "RSI",
        "MACD",
        "MACD_Signal"
    ],
    "sample_original": {
        "Open": 1.4246670007705688,
        "High": 1.4833329916000366,
        "Low": 1.3946670293807983,
        "Close": 1.4606670141220093,
        "Adj Close": 1.4606670141220093,
        "Volume": 37297500.0,
        "Returns": 1.7929407684824854,
        "MA_5": 1.3389333963394165,
        "MA_20": 1.3005715012550354,
        "Volatility": 3.3332120085633807,
        "RSI": 43.408793878138496,
        "MACD": -0.064685047531575,
        "MACD_Signal": -0.08339134848075719
    },
    "sample_scaled": {
        "Open": 0.0005800870164955341,
        "High": 0.0007016637258826391,
        "Low": 0.0005817794266273725,
        "Close": 0.0007028774637192034,
        "Adj Close": 0.0007028774637192034,
        "Volume": 0.10552067412025257,
        "Returns": 0.7581522781675349,
        "MA_5": 0.00029163347567791103,
        "MA_20": 4.1336018129321285e-05,
        "Volatility": 0.955844305200587,
        "RSI": 0.416018938596599,
        "MACD": 0.30888919763066885,
        "MACD_Signal": 0.28314818592645946
    }
}