{
    "feature_order": [
        "Open",
        "High",
        "Low",
        "Close",
        "Adj Close",
        "Volume",
        "Returns",
        "MA_5",
        "MA_20",
        "Volatility",
        "RSI",
        "MACD",
        "MACD_Signal"
    ],
    "min_values": [
        4.875,
        5.0,
        4.125,
        4.625,
        4.625,
        58800.0,
        -3.094718896706163,
        5.0375,
        5.721875,
        -1.5563168815023822,
        5.714300635714579,
        -16.84199347478861,
        -14.175921104663395
    ],
    "max_values": [
        451.3699951171875,
        454.30999755859375,
        445.8699951171875,
        449.8900146484375,
        449.8900146484375,
        2775400.0,
        3.6276900291568714,
        444.9040100097656,
        442.2310043334961,
        4.957999908504578,
        99.21055828105692,
        11.652055120380112,
        10.605427935468061
    ],
    "feature_names": [
        "Open",
        "High",
        "Low",
        "Close",
        "Adj Close",
        "Volume",
        "Returns",
        "MA_5",
        "MA_20",
        "Volatility",
        "RSI",
        "MACD",
        "MACD_Signal"
    ],
    "sample_original": {
        "Open": 6.96875,
        "High": 7.03125,
        "Low": 6.65625,
        "Close": 6.78125,
        "Adj Close": 6.78125,
        "Volume": 1189600.0,
        "Returns": 1.0012302901798815,
        "MA_5": 6.859375,
        "MA_20": 8.2734375,
        "Volatility": 1.7390481285207031,
        "RSI": 7.382550335570457,
        "MACD": -1.0285450114336268,
        "MACD_Signal": -0.7640114296861769
    },
    "sample_scaled": {
        "Open": 0.004689302283109518,
        "High": 0.004520820838701922,
        "Low": 0.005730115854121906,
        "Close": 0.004842621650170482,
        "Adj Close": 0.004842621650170482,
        "Volume": 0.41625561363469044,
        "Returns": 0.6092978323778777,
        "MA_5": 0.004141881590302368,
        "MA_20": 0.005845381753861527,
        "Volatility": 0.5058650225727761,
        "RSI": 0.017842956946833306,
        "MACD": 0.5549737311122652,
        "MACD_Signal": 0.5412098289426325
    }
}