{
    "feature_order": [
        "Open",
        "High",
        "Low",
        "Close",
        "Adj Close",
        "Volume",
        "Returns",
        "MA_5",
        "MA_20",
        "Volatility",
        "RSI",
        "MACD",
        "MACD_Signal"
    ],
    "min_values": [
        4.590000152587891,
        4.684999942779541,
        4.522500038146973,
        4.537499904632568,
        2.420793294906616,
        520800.0,
        -3.039591557077249,
        4.692999935150146,
        5.050249981880188,
        -1.5121081984002227,
        8.564793215958744,
        -2.1172520592187567,
        -1.9050828183348565
    ],
    "max_values": [
        58.810001373291016,
        59.09749984741211,
        58.25249862670898,
        58.6349983215332,
        50.95659637451172,
        12262800.0,
        3.329962168868127,
        58.0744987487793,
        56.39474983215332,
        3.4509208951915187,
        100.0,
        1.6587416555157688,
        1.5359665607878088
    ],
    "feature_names": [
        "Open",
        "High",
        "Low",
        "Close",
        "Adj Close",
        "Volume",
        "Returns",
        "MA_5",
        "MA_20",
        "Volatility",
        "RSI",
        "MACD",
        "MACD_Signal"
    ],
    "sample_original": {
        "Open": 8.458333015441895,
        "High": 8.5,
        "Low": 8.145833015441895,
        "Close": 8.208333015441895,
        "Adj Close": 3.6523149013519287,
        "Volume": 6145200.0,
        "Returns": -2.405265111129735,
        "MA_5": 8.745833396911621,
        "MA_20": 8.698660782405309,
        "Volatility": 2.755728210562376,
        "RSI": 43.37016351020383,
        "MACD": -0.0178218471071645,
        "MACD_Signal": 0.017048590184531916
    },
    "sample_scaled": {
        "Open": 0.07134512681229775,
        "High": 0.07011256722089435,
        "Low": 0.06743594030293262,
        "Close": 0.06785587537745587,
        "Adj Close": 0.02537346717897003,
        "Volume": 0.47899846704138993,
        "Returns": 0.09958726674424379,
        "MA_5": 0.07592206198464253,
        "MA_20": 0.0710574805707395,
        "Volatility": 0.8599257285179378,
        "RSI": 0.3806561117803463,
        "MACD": 0.5559940960492818,
        "MACD_Signal": 0.5585887317343461
    }
}