{
    "feature_order": [
        "Open",
        "High",
        "Low",
        "Close",
        "Adj Close",
        "Volume",
        "Returns",
        "MA_5",
        "MA_20",
        "Volatility",
        "RSI",
        "MACD",
        "MACD_Signal"
    ],
    "min_values": [
        0.2955000102519989,
        0.3050000071525574,
        0.2754999995231628,
        0.2985000014305115,
        0.2985000014305115,
        17626000.0,
        -3.179588363833736,
        0.30609999895095824,
        0.35105000138282777,
        -1.5386833299546436,
        7.383314894047828,
        -4.129882094781422,
        -3.381615694601263
    ],
    "max_values": [
        108.65350341796876,
        109.29750061035156,
        108.05599975585938,
        108.51100158691406,
        108.51100158691406,
        386926000.0,
        3.563489681405718,
        107.7063003540039,
        101.4922492980957,
        4.2007455586282365,
        97.3656376730544,
        3.9920013647463293,
        3.512486926226365
    ],
    "feature_names": [
        "Open",
        "High",
        "Low",
        "Close",
        "Adj Close",
        "Volume",
        "Returns",
        "MA_5",
        "MA_20",
        "Volatility",
        "RSI",
        "MACD",
        "MACD_Signal"
    ],
    "sample_original": {
        "Open": 3.231250047683716,
        "High": 3.231250047683716,
        "Low": 3.0,
        "Close": 3.103125095367432,
        "Adj Close": 3.103125095367432,
        "Volume": 229238000.0,
        "Returns": -1.5854793610265752,
        "MA_5": 3.2200000286102295,
        "MA_20": 3.441517880984715,
        "Volatility": 1.800939108087521,
        "RSI": 19.944986512659966,
        "MACD": -0.3292384123444201,
        "MACD_Signal": -0.2882387435020245
    },
    "sample_scaled": {
        "Open": 0.02709306138085086,
        "High": 0.026848177850185694,
        "Low": 0.025278227570258313,
        "Close": 0.025917754906732097,
        "Adj Close": 0.025917754906732097,
        "Volume": 0.5730083942594096,
        "Returns": 0.23640672584719466,
        "MA_5": 0.027131234578950933,
        "MA_20": 0.03055597423296847,
        "Volatility": 0.5818736503009012,
        "RSI": 0.13960154873377922,
        "MACD": 0.46795102409139855,
        "MACD_Signal": 0.44869899988925355
    }
}