{
    "feature_order": [
        "Open",
        "High",
        "Low",
        "Close",
        "Adj Close",
        "Volume",
        "Returns",
        "MA_5",
        "MA_20",
        "Volatility",
        "RSI",
        "MACD",
        "MACD_Signal"
    ],
    "min_values": [
        12.074999809265137,
        12.765000343322754,
        11.604999542236328,
        11.875,
        7.52067232131958,
        2435200.0,
        -3.210948566640802,
        12.510000038146972,
        13.397749948501588,
        -1.5839732515082325,
        4.5454860718563594,
        -6.1506266990999166,
        -5.575694584936308
    ],
    "max_values": [
        92.5999984741211,
        94.11000061035156,
        90.88999938964844,
        94.02999877929688,
        83.51659393310547,
        54147700.0,
        3.373673591022392,
        91.55800018310546,
        88.34150047302246,
        3.7186662567149593,
        99.6030905050528,
        8.296165863185706,
        7.462401559401087
    ],
    "feature_names": [
        "Open",
        "High",
        "Low",
        "Close",
        "Adj Close",
        "Volume",
        "Returns",
        "MA_5",
        "MA_20",
        "Volatility",
        "RSI",
        "MACD",
        "MACD_Signal"
    ],
    "sample_original": {
        "Open": 79.125,
        "High": 80.21875,
        "Low": 75.5,
        "Close": 77.46875,
        "Adj Close": 49.06248474121094,
        "Volume": 34955000.0,
        "Returns": -0.19924876110831827,
        "MA_5": 73.66875,
        "MA_20": 75.34821428571429,
        "Volatility": 3.0951338418269456,
        "RSI": 38.4887839433294,
        "MACD": -3.905473835844802,
        "MACD_Signal": -4.0332256806869395
    },
    "sample_scaled": {
        "Open": 0.8326606805645055,
        "High": 0.8292304313141414,
        "Low": 0.805890150479066,
        "Close": 0.7984145940554707,
        "Adj Close": 0.5466321289200448,
        "Volume": 0.6288576262992507,
        "Returns": 0.45738384578794133,
        "MA_5": 0.7736912995863261,
        "MA_20": 0.8266261549979823,
        "Volatility": 0.8824109363042583,
        "RSI": 0.35708135160640775,
        "MACD": 0.15540839626342012,
        "MACD_Signal": 0.1183047652949914
    }
}