{
    "feature_order": [
        "Open",
        "High",
        "Low",
        "Close",
        "Adj Close",
        "Volume",
        "Returns",
        "MA_5",
        "MA_20",
        "Volatility",
        "RSI",
        "MACD",
        "MACD_Signal"
    ],
    "min_values": [
        30.125,
        30.75,
        29.6875,
        30.5,
        16.395105361938477,
        772100.0,
        -3.034574203821847,
        30.85,
        32.20234375,
        -1.6495711708498393,
        6.976757940141766,
        -4.482687351740097,
        -4.00639601162644
    ],
    "max_values": [
        147.11000061035156,
        147.1999969482422,
        145.94000244140625,
        146.99000549316406,
        127.3086166381836,
        13345200.0,
        3.0187858888953696,
        146.2560028076172,
        144.3015007019043,
        4.114767351088506,
        97.24582161445706,
        2.76996871594082,
        2.5068532135137915
    ],
    "feature_names": [
        "Open",
        "High",
        "Low",
        "Close",
        "Adj Close",
        "Volume",
        "Returns",
        "MA_5",
        "MA_20",
        "Volatility",
        "RSI",
        "MACD",
        "MACD_Signal"
    ],
    "sample_original": {
        "Open": 36.1875,
        "High": 36.4375,
        "Low": 35.75,
        "Close": 36.125,
        "Adj Close": 19.339542388916016,
        "Volume": 4454400.0,
        "Returns": -0.02629226437579117,
        "MA_5": 36.225,
        "MA_20": 36.36607142857143,
        "Volatility": 1.8359502699090573,
        "RSI": 44.545454545454554,
        "MACD": -0.16554634110542565,
        "MACD_Signal": -0.12842813548883236
    },
    "sample_scaled": {
        "Open": 0.05182288300525556,
        "High": 0.04884070544482616,
        "Low": 0.052149415046404135,
        "Close": 0.04828740436732226,
        "Adj Close": 0.02654714464538066,
        "Volume": 0.292871288703661,
        "Returns": 0.4969606785932516,
        "MA_5": 0.046574700355580034,
        "MA_20": 0.03714325595113854,
        "Volatility": 0.604669803394343,
        "RSI": 0.41618573491421296,
        "MACD": 0.5952496534162973,
        "MACD_Signal": 0.5953968199419106
    }
}