{
    "feature_order": [
        "Open",
        "High",
        "Low",
        "Close",
        "Adj Close",
        "Volume",
        "Returns",
        "MA_5",
        "MA_20",
        "Volatility",
        "RSI",
        "MACD",
        "MACD_Signal"
    ],
    "min_values": [
        82.97000122070312,
        84.25,
        81.91000366210938,
        82.48999786376953,
        82.48999786376953,
        1995400.0,
        -2.783437517315573,
        84.26600036621093,
        87.84850006103515,
        -1.489093328521575,
        9.129251450481348,
        -12.951365806503475,
        -11.771613697769986
    ],
    "max_values": [
        216.2400054931641,
        219.94000244140625,
        209.08999633789065,
        216.83999633789065,
        216.83999633789065,
        15259775.0,
        2.7884327079281457,
        210.6,
        198.37549896240233,
        2.5486058932842703,
        92.93501814195947,
        13.11506911495158,
        11.653014357310925
    ],
    "feature_names": [
        "Open",
        "High",
        "Low",
        "Close",
        "Adj Close",
        "Volume",
        "Returns",
        "MA_5",
        "MA_20",
        "Volatility",
        "RSI",
        "MACD",
        "MACD_Signal"
    ],
    "sample_original": {
        "Open": 151.33999633789062,
        "High": 152.81300354003906,
        "Low": 145.60000610351562,
        "Close": 148.42999267578125,
        "Adj Close": 148.42999267578125,
        "Volume": 3462400.0,
        "Returns": -0.3721945771858448,
        "MA_5": 152.05599670410157,
        "MA_20": 147.68500082833427,
        "Volatility": 1.9873214810463982,
        "RSI": 52.47800781153915,
        "MACD": 2.3154424394179784,
        "MACD_Signal": 1.8718438964771345
    },
    "sample_scaled": {
        "Open": 0.5130186307896407,
        "High": 0.5052914902086909,
        "Low": 0.5007863351885115,
        "Close": 0.4908075590690332,
        "Adj Close": 0.4908075590690332,
        "Volume": 0.1105969938274513,
        "Returns": 0.4327528895424441,
        "MA_5": 0.5365934470086993,
        "MA_20": 0.5413745181002916,
        "Volatility": 0.8609890481176457,
        "RSI": 0.5172526673569083,
        "MACD": 0.5856883878414642,
        "MACD_Signal": 0.5824407355440504
    }
}