{
    "feature_order": [
        "Open",
        "High",
        "Low",
        "Close",
        "Adj Close",
        "Volume",
        "Returns",
        "MA_5",
        "MA_20",
        "Volatility",
        "RSI",
        "MACD",
        "MACD_Signal"
    ],
    "min_values": [
        14.020000457763672,
        14.595000267028809,
        14.0,
        14.574999809265137,
        6.35986328125,
        116000.0,
        -2.9590222757519955,
        14.660999870300293,
        15.170499944686886,
        -1.8730060614810127,
        5.714270144086711,
        -1.2135066650864204,
        -1.0845422633068027
    ],
    "max_values": [
        51.43999862670898,
        51.54999923706055,
        51.15999984741211,
        51.33000183105469,
        44.838157653808594,
        12880400.0,
        3.1494244472921586,
        50.77799987792969,
        50.21399974822998,
        4.161057249080129,
        91.56111442564003,
        2.0316981389954876,
        1.6809679995994036
    ],
    "feature_names": [
        "Open",
        "High",
        "Low",
        "Close",
        "Adj Close",
        "Volume",
        "Returns",
        "MA_5",
        "MA_20",
        "Volatility",
        "RSI",
        "MACD",
        "MACD_Signal"
    ],
    "sample_original": {
        "Open": 19.34375,
        "High": 19.40625,
        "Low": 19.0,
        "Close": 19.15625,
        "Adj Close": 7.735307693481445,
        "Volume": 643800.0,
        "Returns": -1.0795618167112517,
        "MA_5": 19.775,
        "MA_20": 20.165178571428573,
        "Volatility": 1.0545940019744915,
        "RSI": 33.0827067669173,
        "MACD": -0.22522010695325534,
        "MACD_Signal": -0.09739836960686479
    },
    "sample_scaled": {
        "Open": 0.14227017110477802,
        "High": 0.1301921219608969,
        "Low": 0.1345532836526157,
        "Close": 0.12464290406021339,
        "Adj Close": 0.035745981849246544,
        "Volume": 0.041349377957444144,
        "Returns": 0.30768222172593684,
        "MA_5": 0.1415953741622898,
        "MA_20": 0.14252796252492733,
        "Volatility": 0.48517887744589305,
        "RSI": 0.31880538943365083,
        "MACD": 0.30453750003391805,
        "MACD_Signal": 0.35694819395194466
    }
}