{
    "feature_order": [
        "Open",
        "High",
        "Low",
        "Close",
        "Adj Close",
        "Volume",
        "Returns",
        "MA_5",
        "MA_20",
        "Volatility",
        "RSI",
        "MACD",
        "MACD_Signal"
    ],
    "min_values": [
        0.4412499964237213,
        0.4468750059604645,
        0.4368749856948852,
        0.4412499964237213,
        0.4412499964237213,
        535200.0,
        -3.0230895264375324,
        0.45099999904632576,
        0.4688437461853027,
        -1.7727923521755502,
        1.298669933106524,
        -0.7648175204340983,
        -0.6759543445528767
    ],
    "max_values": [
        19.877500534057617,
        19.934999465942383,
        19.727500915527344,
        19.857500076293945,
        19.857500076293945,
        21505900.0,
        3.375356481059796,
        19.773500442504883,
        19.357125091552735,
        3.2358751948949735,
        97.76788907394699,
        0.5729527592573866,
        0.5206581187178602
    ],
    "feature_names": [
        "Open",
        "High",
        "Low",
        "Close",
        "Adj Close",
        "Volume",
        "Returns",
        "MA_5",
        "MA_20",
        "Volatility",
        "RSI",
        "MACD",
        "MACD_Signal"
    ],
    "sample_original": {
        "Open": 0.8229169845581055,
        "High": 0.8294270038604736,
        "Low": 0.7903649806976318,
        "Close": 0.8125,
        "Adj Close": 0.8125,
        "Volume": 8059200.0,
        "Returns": -0.49206212470077126,
        "MA_5": 0.7700520038604737,
        "MA_20": 0.739769424710955,
        "Volatility": 2.5874185056653722,
        "RSI": 50.0,
        "MACD": -0.00725218316420817,
        "MACD_Signal": -0.017244993875076633
    },
    "sample_scaled": {
        "Open": 0.019636862953344447,
        "High": 0.01963000588823026,
        "Low": 0.01832444402211353,
        "Close": 0.01912058209227392,
        "Adj Close": 0.01912058209227392,
        "Volume": 0.3587863066087446,
        "Returns": 0.39556908017525655,
        "MA_5": 0.016511941906678013,
        "MA_20": 0.014343585505311202,
        "Volatility": 0.8705330942540055,
        "RSI": 0.5048380250263232,
        "MACD": 0.5662895556661635,
        "MACD_Signal": 0.5504784304831073
    }
}