{
    "feature_order": [
        "Open",
        "High",
        "Low",
        "Close",
        "Adj Close",
        "Volume",
        "Returns",
        "MA_5",
        "MA_20",
        "Volatility",
        "RSI",
        "MACD",
        "MACD_Signal"
    ],
    "min_values": [
        21.618927001953125,
        23.07816505432129,
        21.603065490722656,
        21.61099624633789,
        13.146021842956545,
        350200.0,
        -3.181261710612388,
        22.982997512817384,
        24.159508228302002,
        -1.7754600734929324,
        3.6078894116639475,
        -4.673763021788801,
        -3.7360300240214195
    ],
    "max_values": [
        181.3600006103516,
        182.32000732421875,
        180.19000244140625,
        181.25,
        163.0376434326172,
        7041328.0,
        2.9718886112621514,
        180.66199951171876,
        177.65149993896483,
        4.458068969081107,
        98.17492139983999,
        4.263792033625521,
        4.030789182323948
    ],
    "feature_names": [
        "Open",
        "High",
        "Low",
        "Close",
        "Adj Close",
        "Volume",
        "Returns",
        "MA_5",
        "MA_20",
        "Volatility",
        "RSI",
        "MACD",
        "MACD_Signal"
    ],
    "sample_original": {
        "Open": 40.89236831665039,
        "High": 40.89236831665039,
        "Low": 39.65320587158203,
        "Close": 40.09930419921875,
        "Adj Close": 23.66707801818848,
        "Volume": 2826253.0,
        "Returns": -0.3874007450011399,
        "MA_5": 40.75358123779297,
        "MA_20": 41.480084555489675,
        "Volatility": 2.229618191583244,
        "RSI": 45.87813540975901,
        "MACD": -0.11786651541107318,
        "MACD_Signal": 0.054488251035982746
    },
    "sample_scaled": {
        "Open": 0.12065426179584632,
        "High": 0.11186885939272151,
        "Low": 0.11381858258900923,
        "Close": 0.11581322557869408,
        "Adj Close": 0.07019108915930004,
        "Volume": 0.37005016194578855,
        "Returns": 0.45405374799296416,
        "MA_5": 0.11270101598625923,
        "MA_20": 0.11284351798520859,
        "Volatility": 0.6425057519941129,
        "RSI": 0.4469871276427521,
        "MACD": 0.5097475179879077,
        "MACD_Signal": 0.4880399780595651
    }
}