{
    "feature_order": [
        "Open",
        "High",
        "Low",
        "Close",
        "Adj Close",
        "Volume",
        "Returns",
        "MA_5",
        "MA_20",
        "Volatility",
        "RSI",
        "MACD",
        "MACD_Signal"
    ],
    "min_values": [
        1.546875,
        1.5859379768371582,
        1.5,
        1.5703129768371582,
        1.2433415651321411,
        535700.0,
        -3.0335600127688465,
        1.5953127861022949,
        1.6828127384185791,
        -1.6041619124656552,
        7.316935196942879,
        -4.286559915327729,
        -3.9188736229333805
    ],
    "max_values": [
        122.95999908447266,
        124.16000366210938,
        122.56999969482422,
        123.80999755859376,
        118.02594757080078,
        18436800.0,
        3.380423400828464,
        122.3239990234375,
        117.90599975585937,
        4.441093460479454,
        97.26274755490586,
        3.2966830380978394,
        2.964513604434387
    ],
    "feature_names": [
        "Open",
        "High",
        "Low",
        "Close",
        "Adj Close",
        "Volume",
        "Returns",
        "MA_5",
        "MA_20",
        "Volatility",
        "RSI",
        "MACD",
        "MACD_Signal"
    ],
    "sample_original": {
        "Open": 1.6875,
        "High": 1.703125,
        "Low": 1.640625,
        "Close": 1.6796879768371582,
        "Adj Close": 1.3299427032470703,
        "Volume": 18298400.0,
        "Returns": 1.5693422452488734,
        "MA_5": 1.6289063930511474,
        "MA_20": 1.810826063156128,
        "Volatility": 3.3516049944606543,
        "RSI": 27.33814150063121,
        "MACD": -0.1453155126146175,
        "MACD_Signal": -0.1140752677598423
    },
    "sample_scaled": {
        "Open": 0.0011582355784055184,
        "High": 0.0009560507151956388,
        "Low": 0.0011615181329352204,
        "Close": 0.0008947585260402693,
        "Adj Close": 0.0007415585340742065,
        "Volume": 0.9922686315366095,
        "Returns": 0.7176355099796183,
        "MA_5": 0.00027825704060766704,
        "MA_20": 0.0011014439375022361,
        "Volatility": 0.819777925198216,
        "RSI": 0.22259186702332157,
        "MACD": 0.5461046715959947,
        "MACD_Signal": 0.5527508811426416
    }
}