{
    "feature_order": [
        "Open",
        "High",
        "Low",
        "Close",
        "Adj Close",
        "Volume",
        "Returns",
        "MA_5",
        "MA_20",
        "Volatility",
        "RSI",
        "MACD",
        "MACD_Signal"
    ],
    "min_values": [
        12.06999969482422,
        12.300000190734863,
        11.829999923706056,
        11.899999618530272,
        1.309070110321045,
        247200.0,
        -3.131097768701823,
        12.489999961853027,
        13.985499954223632,
        -2.0403625863428476,
        3.6346670446523177,
        -26.77963381142377,
        -23.49090690210253
    ],
    "max_values": [
        126.58000183105467,
        126.6500015258789,
        123.01000213623048,
        123.80999755859376,
        33.877471923828125,
        14584700.0,
        3.148494930436104,
        123.45800018310547,
        121.74900016784667,
        4.077269700150745,
        99.79122699435369,
        6.617126212615261,
        5.6377005741000135
    ],
    "feature_names": [
        "Open",
        "High",
        "Low",
        "Close",
        "Adj Close",
        "Volume",
        "Returns",
        "MA_5",
        "MA_20",
        "Volatility",
        "RSI",
        "MACD",
        "MACD_Signal"
    ],
    "sample_original": {
        "Open": 25.36000061035156,
        "High": 25.530000686645508,
        "Low": 25.1200008392334,
        "Close": 25.3799991607666,
        "Adj Close": 2.7919507026672363,
        "Volume": 1899300.0,
        "Returns": -0.1589710848407706,
        "MA_5": 25.515999603271485,
        "MA_20": 25.71142836979457,
        "Volatility": -0.05733481035994159,
        "RSI": 48.20357930719807,
        "MACD": 0.020349374938174236,
        "MACD_Signal": 0.0673433472755125
    },
    "sample_scaled": {
        "Open": 0.11605973860446242,
        "High": 0.11569742318703907,
        "Low": 0.11953589360542595,
        "Close": 0.12045393432547394,
        "Adj Close": 0.04553126680386254,
        "Volume": 0.11522929380993897,
        "Returns": 0.47329927692110846,
        "MA_5": 0.11738518866201697,
        "MA_20": 0.10881168848753295,
        "Volatility": 0.3241495538005777,
        "RSI": 0.4635036058471658,
        "MACD": 0.802472550243535,
        "MACD_Signal": 0.8087667860066651
    }
}