{
    "feature_order": [
        "Open",
        "High",
        "Low",
        "Close",
        "Adj Close",
        "Volume",
        "Returns",
        "MA_5",
        "MA_20",
        "Volatility",
        "RSI",
        "MACD",
        "MACD_Signal"
    ],
    "min_values": [
        18.30469512939453,
        18.82904815673828,
        17.894746780395508,
        18.30469512939453,
        10.945486068725586,
        625500.0,
        -3.1589283502915855,
        18.808073806762696,
        20.557983779907225,
        -1.6306481282472218,
        3.0638991594446736,
        -5.221215968267913,
        -4.573142439872678
    ],
    "max_values": [
        183.0399932861328,
        184.05999755859372,
        182.52999877929688,
        183.22999572753903,
        164.34323120117188,
        10993976.0,
        3.1591930373589485,
        181.58799743652344,
        179.40649871826173,
        3.761067362318127,
        98.21921602323948,
        4.432170155712257,
        3.8463756647237615
    ],
    "feature_names": [
        "Open",
        "High",
        "Low",
        "Close",
        "Adj Close",
        "Volume",
        "Returns",
        "MA_5",
        "MA_20",
        "Volatility",
        "RSI",
        "MACD",
        "MACD_Signal"
    ],
    "sample_original": {
        "Open": 50.52858352661133,
        "High": 50.64775466918945,
        "Low": 47.60889053344727,
        "Close": 48.91977310180664,
        "Adj Close": 27.73946762084961,
        "Volume": 5313050.0,
        "Returns": -1.7880364527655868,
        "MA_5": 52.87625732421875,
        "MA_20": 54.2824775150844,
        "Volatility": 1.4736695803872248,
        "RSI": 33.33333333333336,
        "MACD": -0.4875524493086232,
        "MACD_Signal": 0.14585310821288378
    },
    "sample_scaled": {
        "Open": 0.1956101015251583,
        "High": 0.19257110503593017,
        "Low": 0.1804846980964323,
        "Close": 0.18562996618092292,
        "Adj Close": 0.10947997662953786,
        "Volume": 0.45209633508338154,
        "Returns": 0.21697777130486257,
        "MA_5": 0.2092898359809,
        "MA_20": 0.2123060058085207,
        "Volatility": 0.5757569578859479,
        "RSI": 0.3181055475566994,
        "MACD": 0.49036301440385793,
        "MACD_Signal": 0.5604828553678549
    }
}