{
    "feature_order": [
        "Open",
        "High",
        "Low",
        "Close",
        "Adj Close",
        "Volume",
        "Returns",
        "MA_5",
        "MA_20",
        "Volatility",
        "RSI",
        "MACD",
        "MACD_Signal"
    ],
    "min_values": [
        47.220001220703125,
        49.65999984741211,
        46.5,
        47.869998931884766,
        47.869998931884766,
        2268900.0,
        -2.7348460960548575,
        49.177999877929686,
        51.216000175476076,
        -1.7166877831575034,
        20.86267672636309,
        -12.78205271203521,
        -10.149280214525742
    ],
    "max_values": [
        186.83999633789065,
        188.75,
        179.51499938964844,
        186.4600067138672,
        186.4600067138672,
        24826150.0,
        2.5375271315427526,
        181.56400146484376,
        170.51975021362304,
        2.2789635465689497,
        96.22298242127249,
        16.50086394132876,
        15.142580822770462
    ],
    "feature_names": [
        "Open",
        "High",
        "Low",
        "Close",
        "Adj Close",
        "Volume",
        "Returns",
        "MA_5",
        "MA_20",
        "Volatility",
        "RSI",
        "MACD",
        "MACD_Signal"
    ],
    "sample_original": {
        "Open": 51.959999084472656,
        "High": 52.23500061035156,
        "Low": 50.79999923706055,
        "Close": 51.56999969482422,
        "Adj Close": 51.56999969482422,
        "Volume": 4687700.0,
        "Returns": -0.37427564910074174,
        "MA_5": 53.16600036621094,
        "MA_20": 54.834999901907786,
        "Volatility": -0.5796789044158202,
        "RSI": 24.161648054299235,
        "MACD": -2.83736892293701,
        "MACD_Signal": -2.4643227374443883
    },
    "sample_scaled": {
        "Open": 0.033949276819492114,
        "High": 0.01851319836159726,
        "Low": 0.03232717555757991,
        "Close": 0.026697456924600016,
        "Adj Close": 0.026697456924600016,
        "Volume": 0.10722938301433019,
        "Returns": 0.44772445823789386,
        "MA_5": 0.030124034569191604,
        "MA_20": 0.03033433337405189,
        "Volatility": 0.28456158581272506,
        "RSI": 0.0437759812346275,
        "MACD": 0.3396070106956294,
        "MACD_Signal": 0.3038510082650251
    }
}