{
    "feature_order": [
        "Open",
        "High",
        "Low",
        "Close",
        "Adj Close",
        "Volume",
        "Returns",
        "MA_5",
        "MA_20",
        "Volatility",
        "RSI",
        "MACD",
        "MACD_Signal"
    ],
    "min_values": [
        0.3778569996356964,
        0.4107140004634857,
        0.3464289903640747,
        0.372857004404068,
        0.372857004404068,
        285600.0,
        -2.967896249668245,
        0.4330000042915344,
        0.5462143063545227,
        -1.9219042524985397,
        3.6405384476255875,
        -17.920968788650327,
        -15.652637470150115
    ],
    "max_values": [
        567.97998046875,
        575.3699951171875,
        520.9600219726562,
        548.72998046875,
        548.72998046875,
        56423350.0,
        3.50993696938074,
        529.952001953125,
        502.29400024414065,
        4.925581621716129,
        96.20447525782778,
        24.170481653658896,
        20.40856590887216
    ],
    "feature_names": [
        "Open",
        "High",
        "Low",
        "Close",
        "Adj Close",
        "Volume",
        "Returns",
        "MA_5",
        "MA_20",
        "Volatility",
        "RSI",
        "MACD",
        "MACD_Signal"
    ],
    "sample_original": {
        "Open": 1.1535710096359253,
        "High": 1.182142972946167,
        "Low": 1.089285969734192,
        "Close": 1.092857003211975,
        "Adj Close": 1.092857003211975,
        "Volume": 1799000.0,
        "Returns": -1.841201503545358,
        "MA_5": 1.1407142162322998,
        "MA_20": 1.1365816593170166,
        "Volatility": 0.7768640697898923,
        "RSI": 38.47371304775817,
        "MACD": -0.016704159996405288,
        "MACD_Signal": -0.01549896276978943
    },
    "sample_scaled": {
        "Open": 0.0013666510006325565,
        "High": 0.001341710618157795,
        "Low": 0.0014268874062905695,
        "Close": 0.0013130129399234864,
        "Adj Close": 0.0013130129399234864,
        "Volume": 0.026958686445395477,
        "Returns": 0.17393080495028518,
        "MA_5": 0.0013365227864082408,
        "MA_20": 0.0011766217400622394,
        "Volatility": 0.39412543112371895,
        "RSI": 0.3763147484916971,
        "MACD": 0.42536582703876186,
        "MACD_Signal": 0.4336277506611676
    }
}