{
    "feature_order": [
        "Open",
        "High",
        "Low",
        "Close",
        "Adj Close",
        "Volume",
        "Returns",
        "MA_5",
        "MA_20",
        "Volatility",
        "RSI",
        "MACD",
        "MACD_Signal"
    ],
    "min_values": [
        4.630000114440918,
        4.880000114440918,
        4.610000133514404,
        4.630000114440918,
        4.624057769775391,
        12100.0,
        -2.8737971050615174,
        4.726000022888184,
        4.87550003528595,
        -1.5181599895890754,
        3.166247494718945,
        -34.38501515709629,
        -30.97190502269809
    ],
    "max_values": [
        593.6599731445312,
        605.9299926757812,
        581.3800048828125,
        592.4000244140625,
        591.6397094726562,
        2195000.0,
        3.4950358437712614,
        583.1699951171875,
        567.1434997558594,
        3.9147634851838595,
        98.95288075752684,
        21.803147827443865,
        19.171982011983175
    ],
    "feature_names": [
        "Open",
        "High",
        "Low",
        "Close",
        "Adj Close",
        "Volume",
        "Returns",
        "MA_5",
        "MA_20",
        "Volatility",
        "RSI",
        "MACD",
        "MACD_Signal"
    ],
    "sample_original": {
        "Open": 15.03125,
        "High": 15.0625,
        "Low": 14.1875,
        "Close": 14.625,
        "Adj Close": 14.606229782104492,
        "Volume": 393200.0,
        "Returns": -1.398433067323652,
        "MA_5": 15.525,
        "MA_20": 13.926339285714286,
        "Volatility": 2.681892300462075,
        "RSI": 62.171052631578945,
        "MACD": 0.8314301279906893,
        "MACD_Signal": 0.5910689009240255
    },
    "sample_scaled": {
        "Open": 0.017658269293246542,
        "High": 0.016941186276647202,
        "Low": 0.016605405599496463,
        "Close": 0.017004950018451488,
        "Adj Close": 0.01700495035076441,
        "Volume": 0.17458426863346924,
        "Returns": 0.231653750316729,
        "MA_5": 0.018669050191023835,
        "MA_20": 0.016097020024127773,
        "Volatility": 0.7730740750451467,
        "RSI": 0.6160024956192967,
        "MACD": 0.6267591502284311,
        "MACD_Signal": 0.6294480900890683
    }
}