{
    "feature_order": [
        "Open",
        "High",
        "Low",
        "Close",
        "Adj Close",
        "Volume",
        "Returns",
        "MA_5",
        "MA_20",
        "Volatility",
        "RSI",
        "MACD",
        "MACD_Signal"
    ],
    "min_values": [
        1.5078129768371582,
        1.53125,
        1.399999976158142,
        1.506250023841858,
        1.506250023841858,
        8000.0,
        -3.0908443835131068,
        1.5637500286102295,
        1.6475000083446503,
        -1.7681519467649962,
        1.1578196302665447,
        -1.5737684036764676,
        -1.3526393461817696
    ],
    "max_values": [
        73.97100067138672,
        74.66999816894531,
        73.36799621582031,
        74.01200103759766,
        74.01200103759766,
        6044000.0,
        3.4586795037077054,
        73.49960174560547,
        68.3064510345459,
        3.670007646581046,
        97.40124814321052,
        2.6232328334420174,
        2.1306271632223033
    ],
    "feature_names": [
        "Open",
        "High",
        "Low",
        "Close",
        "Adj Close",
        "Volume",
        "Returns",
        "MA_5",
        "MA_20",
        "Volatility",
        "RSI",
        "MACD",
        "MACD_Signal"
    ],
    "sample_original": {
        "Open": 3.493750095367432,
        "High": 3.875,
        "Low": 3.487499952316284,
        "Close": 3.862499952316284,
        "Adj Close": 3.862499952316284,
        "Volume": 508000.0,
        "Returns": 3.4586795037077054,
        "MA_5": 3.7837500095367433,
        "MA_20": 3.4220981938498363,
        "Volatility": 2.5403292426051616,
        "RSI": 68.18181492046416,
        "MACD": 0.16761486371506074,
        "MACD_Signal": 0.10283238815658254
    },
    "sample_scaled": {
        "Open": 0.02740615175392911,
        "High": 0.03204525724977003,
        "Low": 0.029005948271875096,
        "Close": 0.03249742117735459,
        "Adj Close": 0.03249742117735459,
        "Volume": 0.0828363154406892,
        "Returns": 1.0,
        "MA_5": 0.03086082847340538,
        "MA_20": 0.026622053875520107,
        "Volatility": 0.7922682509431827,
        "RSI": 0.6964007447135304,
        "MACD": 0.4149113066707365,
        "MACD_Signal": 0.4178467913405105
    }
}