{
    "feature_order": [
        "Open",
        "High",
        "Low",
        "Close",
        "Adj Close",
        "Volume",
        "Returns",
        "MA_5",
        "MA_20",
        "Volatility",
        "RSI",
        "MACD",
        "MACD_Signal"
    ],
    "min_values": [
        17.950000762939453,
        18.25,
        15.100000381469728,
        17.690000534057617,
        6.965501308441162,
        209900.0,
        -3.271613947291014,
        18.80800018310547,
        21.13900022506714,
        -1.5836184405311862,
        5.907149904793499,
        -3.8155408498115264,
        -3.04073230744108
    ],
    "max_values": [
        104.47000122070312,
        104.97000122070312,
        103.86000061035156,
        104.33000183105467,
        86.84222412109375,
        7854100.0,
        2.8682253536639473,
        103.64400024414063,
        102.68900032043457,
        4.379946364901295,
        97.0085602453145,
        2.7645530970911096,
        2.3672304650935714
    ],
    "feature_names": [
        "Open",
        "High",
        "Low",
        "Close",
        "Adj Close",
        "Volume",
        "Returns",
        "MA_5",
        "MA_20",
        "Volatility",
        "RSI",
        "MACD",
        "MACD_Signal"
    ],
    "sample_original": {
        "Open": 33.3125,
        "High": 34.0,
        "Low": 33.1875,
        "Close": 34.0,
        "Adj Close": 11.32936668395996,
        "Volume": 345000.0,
        "Returns": 2.127024266140101,
        "MA_5": 33.4625,
        "MA_20": 33.22767857142857,
        "Volatility": 0.7152446413894499,
        "RSI": 74.11764705882354,
        "MACD": 0.5527063664173752,
        "MACD_Signal": 0.5027022548704244
    },
    "sample_scaled": {
        "Open": 0.1775600919530743,
        "High": 0.18161900113349996,
        "Low": 0.20377985096765172,
        "Close": 0.18825022185806095,
        "Adj Close": 0.05463250396181195,
        "Volume": 0.017673530258235006,
        "Returns": 0.8792800509601997,
        "MA_5": 0.17273916505199874,
        "MA_20": 0.14823639892366036,
        "Volatility": 0.385484715421638,
        "RSI": 0.7487315168785118,
        "MACD": 0.6638578797625087,
        "MACD_Signal": 0.6552253984268342
    }
}