{
    "feature_order": [
        "Open",
        "High",
        "Low",
        "Close",
        "Adj Close",
        "Volume",
        "Returns",
        "MA_5",
        "MA_20",
        "Volatility",
        "RSI",
        "MACD",
        "MACD_Signal"
    ],
    "min_values": [
        25.6200008392334,
        26.030000686645508,
        24.6200008392334,
        25.76000022888184,
        25.76000022888184,
        74500.0,
        -2.6807134073097645,
        26.189999771118163,
        27.629500102996825,
        -2.1461447140674474,
        8.757643962095415,
        -40.14203457753479,
        -36.436548209403426
    ],
    "max_values": [
        585.030029296875,
        590.0,
        566.5700073242188,
        585.030029296875,
        585.030029296875,
        4007050.0,
        3.226435085532364,
        570.8960083007812,
        543.4005020141601,
        3.1124402388002155,
        96.73121532053266,
        36.02962317847198,
        31.75284017471482
    ],
    "feature_names": [
        "Open",
        "High",
        "Low",
        "Close",
        "Adj Close",
        "Volume",
        "Returns",
        "MA_5",
        "MA_20",
        "Volatility",
        "RSI",
        "MACD",
        "MACD_Signal"
    ],
    "sample_original": {
        "Open": 30.61000061035156,
        "High": 30.88999938964844,
        "Low": 29.709999084472656,
        "Close": 29.809999465942383,
        "Adj Close": 29.809999465942383,
        "Volume": 279000.0,
        "Returns": -0.764775536957424,
        "MA_5": 29.95999984741211,
        "MA_20": 30.49571418762207,
        "Volatility": -1.1839621239755345,
        "RSI": 33.81089882233606,
        "MACD": -0.5312223955505182,
        "MACD_Signal": -0.44488568897845965
    },
    "sample_scaled": {
        "Open": 0.008920111398210306,
        "High": 0.00861747736390249,
        "Low": 0.009392006982806955,
        "Close": 0.007241581036998797,
        "Adj Close": 0.007241581036998797,
        "Volume": 0.05200188173068365,
        "Returns": 0.32434225628049485,
        "MA_5": 0.006921164843527963,
        "MA_20": 0.005557144690191258,
        "Volatility": 0.18297367042957177,
        "RSI": 0.2847816051273434,
        "MACD": 0.520020350730264,
        "MACD_Signal": 0.5278191134033937
    }
}