{
    "feature_order": [
        "Open",
        "High",
        "Low",
        "Close",
        "Adj Close",
        "Volume",
        "Returns",
        "MA_5",
        "MA_20",
        "Volatility",
        "RSI",
        "MACD",
        "MACD_Signal"
    ],
    "min_values": [
        15.579999923706056,
        16.5,
        15.289999961853027,
        16.100000381469727,
        10.812002182006836,
        487800.0,
        -2.998179815516736,
        16.520000076293947,
        17.558500003814697,
        -1.4631387906508229,
        2.8288644641606027,
        -7.952422990291375,
        -6.802947833539035
    ],
    "max_values": [
        125.05999755859376,
        127.3000030517578,
        122.38999938964844,
        124.63999938964844,
        113.67253875732422,
        9345100.0,
        3.4491286169097606,
        122.15800018310547,
        119.35099983215332,
        3.881978167019615,
        94.50704225352112,
        8.517630339568427,
        7.741115618885589
    ],
    "feature_names": [
        "Open",
        "High",
        "Low",
        "Close",
        "Adj Close",
        "Volume",
        "Returns",
        "MA_5",
        "MA_20",
        "Volatility",
        "RSI",
        "MACD",
        "MACD_Signal"
    ],
    "sample_original": {
        "Open": 49.9375,
        "High": 49.96875,
        "Low": 48.3125,
        "Close": 48.3125,
        "Adj Close": 30.10113525390625,
        "Volume": 1788600.0,
        "Returns": -1.224625752496865,
        "MA_5": 49.7375,
        "MA_20": 46.5625,
        "Volatility": 2.0434240405450153,
        "RSI": 57.41007194244604,
        "MACD": 1.1829236616876955,
        "MACD_Signal": 0.6873959727202114
    },
    "sample_scaled": {
        "Open": 0.3138244502970772,
        "High": 0.3020645223661754,
        "Low": 0.3083333353368508,
        "Close": 0.29677998814154216,
        "Adj Close": 0.1875270508410713,
        "Volume": 0.14686191051449088,
        "Returns": 0.27508441415643264,
        "MA_5": 0.31444650495200155,
        "MA_20": 0.2849325838848365,
        "Volatility": 0.6560310763946506,
        "RSI": 0.5953565918782879,
        "MACD": 0.5546640602199454,
        "MACD_Signal": 0.5150103910616906
    }
}