{
    "feature_order": [
        "Open",
        "High",
        "Low",
        "Close",
        "Adj Close",
        "Volume",
        "Returns",
        "MA_5",
        "MA_20",
        "Volatility",
        "RSI",
        "MACD",
        "MACD_Signal"
    ],
    "min_values": [
        19.833332061767575,
        19.875,
        18.541667938232425,
        19.125,
        19.125,
        0.0,
        -3.1010730043513552,
        19.895833587646486,
        22.845833396911623,
        -1.3844641762342187,
        8.665455923002611,
        -25.574345463605994,
        -22.18220933386472
    ],
    "max_values": [
        475.9200134277344,
        480.1799926757813,
        460.5,
        475.9800109863281,
        475.9800109863281,
        9400700.0,
        3.511523525381626,
        451.5400024414063,
        430.61499786376953,
        4.448784328983217,
        97.11081137603902,
        19.14026322186919,
        16.291036632314356
    ],
    "feature_names": [
        "Open",
        "High",
        "Low",
        "Close",
        "Adj Close",
        "Volume",
        "Returns",
        "MA_5",
        "MA_20",
        "Volatility",
        "RSI",
        "MACD",
        "MACD_Signal"
    ],
    "sample_original": {
        "Open": 41.83333206176758,
        "High": 49.66666793823242,
        "Low": 39.66666793823242,
        "Close": 49.25,
        "Adj Close": 49.25,
        "Volume": 9227100.0,
        "Returns": 3.511523525381626,
        "MA_5": 40.93333282470703,
        "MA_20": 36.76190430777414,
        "Volatility": 4.254068226529141,
        "RSI": 74.11505000613222,
        "MACD": 3.0161626158029122,
        "MACD_Signal": 1.7757801165428444
    },
    "sample_scaled": {
        "Open": 0.04823644473482677,
        "High": 0.06472158332468136,
        "Low": 0.04779862368800774,
        "Close": 0.06593995748226897,
        "Adj Close": 0.06593995748226897,
        "Volume": 0.9815332900741435,
        "Returns": 1.0,
        "MA_5": 0.04873805962194756,
        "MA_20": 0.03412732527006359,
        "Volatility": 0.9666196113057903,
        "RSI": 0.7400003510402836,
        "MACD": 0.6393997156615187,
        "MACD_Signal": 0.6227181733370889
    }
}