{
    "feature_order": [
        "Open",
        "High",
        "Low",
        "Close",
        "Adj Close",
        "Volume",
        "Returns",
        "MA_5",
        "MA_20",
        "Volatility",
        "RSI",
        "MACD",
        "MACD_Signal"
    ],
    "min_values": [
        2.2149999141693115,
        2.3499999046325684,
        2.200000047683716,
        2.2799999713897705,
        2.2799999713897705,
        631000.0,
        -2.804935954199843,
        2.308400011062622,
        2.5278500080108643,
        -1.7142090529114749,
        12.001841818542431,
        -7.732717118382382,
        -6.578363730007071
    ],
    "max_values": [
        111.08999633789062,
        114.08999633789062,
        107.0500030517578,
        111.63999938964844,
        111.63999938964844,
        33257370.0,
        3.3910994472560176,
        107.56999969482422,
        100.86499977111816,
        3.427685957811738,
        100.0,
        8.659145412978006,
        7.340644429879879
    ],
    "feature_names": [
        "Open",
        "High",
        "Low",
        "Close",
        "Adj Close",
        "Volume",
        "Returns",
        "MA_5",
        "MA_20",
        "Volatility",
        "RSI",
        "MACD",
        "MACD_Signal"
    ],
    "sample_original": {
        "Open": 2.57699990272522,
        "High": 2.63700008392334,
        "Low": 2.5100998878479004,
        "Close": 2.5280001163482666,
        "Adj Close": 2.5280001163482666,
        "Volume": 3645000.0,
        "Returns": -1.104969638690265,
        "MA_5": 2.5245999813079836,
        "MA_20": 2.7757857016154697,
        "Volatility": 2.912330886285035,
        "RSI": 38.83225496248719,
        "MACD": -0.11767370163444468,
        "MACD_Signal": -0.07633424038680184
    },
    "sample_scaled": {
        "Open": 0.003324913896181194,
        "High": 0.002568464188758012,
        "Low": 0.0029575568076248455,
        "Close": 0.002267740913293112,
        "Adj Close": 0.002267740913293112,
        "Volume": 0.09237926254131244,
        "Returns": 0.27436355755974906,
        "MA_5": 0.002053930121667283,
        "MA_20": 0.002521282081104432,
        "Volatility": 0.8997733188927525,
        "RSI": 0.30489743988298945,
        "MACD": 0.4645624255437159,
        "MACD_Signal": 0.46713310423643567
    }
}