{
    "feature_order": [
        "Open",
        "High",
        "Low",
        "Close",
        "Adj Close",
        "Volume",
        "Returns",
        "MA_5",
        "MA_20",
        "Volatility",
        "RSI",
        "MACD",
        "MACD_Signal"
    ],
    "min_values": [
        46.209999084472656,
        47.27000045776367,
        46.0,
        46.9900016784668,
        46.9900016784668,
        109300.0,
        -2.8794181650695747,
        47.46000061035156,
        49.03750019073486,
        -2.020507812933547,
        9.223657140789825,
        -16.13515260444487,
        -13.670209488106321
    ],
    "max_values": [
        304.5199890136719,
        307.8099975585937,
        298.5400085449219,
        300.8999938964844,
        300.8999938964844,
        5408600.0,
        2.9446913382654487,
        298.3760009765625,
        291.22050323486326,
        4.305919555354038,
        99.05437469207189,
        13.703643602124657,
        10.794981639839554
    ],
    "feature_names": [
        "Open",
        "High",
        "Low",
        "Close",
        "Adj Close",
        "Volume",
        "Returns",
        "MA_5",
        "MA_20",
        "Volatility",
        "RSI",
        "MACD",
        "MACD_Signal"
    ],
    "sample_original": {
        "Open": 50.7400016784668,
        "High": 50.7400016784668,
        "Low": 48.29999923706055,
        "Close": 48.52000045776367,
        "Adj Close": 48.52000045776367,
        "Volume": 178900.0,
        "Returns": -0.4076462203714984,
        "MA_5": 49.03600006103515,
        "MA_20": 51.71071406773159,
        "Volatility": 2.4885643796035453,
        "RSI": 49.57351187570941,
        "MACD": 0.09212761110769208,
        "MACD_Signal": 0.6517023891377256
    },
    "sample_scaled": {
        "Open": 0.017537078590091626,
        "High": 0.013318497195500545,
        "Low": 0.009107464794638365,
        "Close": 0.00602575253510762,
        "Adj Close": 0.00602575253510762,
        "Volume": 0.013133810125865678,
        "Returns": 0.42440341193493714,
        "MA_5": 0.0062809842671787686,
        "MA_20": 0.011037991285084703,
        "Volatility": 0.7127359455890809,
        "RSI": 0.4491765827416983,
        "MACD": 0.5438315977365012,
        "MACD_Signal": 0.5853995500114669
    }
}