{
    "feature_order": [
        "Open",
        "High",
        "Low",
        "Close",
        "Adj Close",
        "Volume",
        "Returns",
        "MA_5",
        "MA_20",
        "Volatility",
        "RSI",
        "MACD",
        "MACD_Signal"
    ],
    "min_values": [
        13.369999885559082,
        14.239999771118164,
        13.100000381469728,
        13.229999542236328,
        8.361640930175781,
        1288300.0,
        -3.0316197925734754,
        14.07199993133545,
        14.957000112533569,
        -1.63046250251612,
        4.069359825343298,
        -4.949202868250836,
        -4.494998797009941
    ],
    "max_values": [
        134.8000030517578,
        135.6999969482422,
        132.2100067138672,
        134.25,
        115.95597839355467,
        35812500.0,
        3.267860951478123,
        132.36200256347655,
        129.925,
        3.5737700721844377,
        96.68373875903437,
        7.876330826051685,
        6.969423635185884
    ],
    "feature_names": [
        "Open",
        "High",
        "Low",
        "Close",
        "Adj Close",
        "Volume",
        "Returns",
        "MA_5",
        "MA_20",
        "Volatility",
        "RSI",
        "MACD",
        "MACD_Signal"
    ],
    "sample_original": {
        "Open": 57.375,
        "High": 57.5625,
        "Low": 54.96875,
        "Close": 55.3984375,
        "Adj Close": 34.789817810058594,
        "Volume": 8594600.0,
        "Returns": -0.857388256731967,
        "MA_5": 55.1421875,
        "MA_20": 51.41908482142857,
        "Volatility": 1.2888785527831652,
        "RSI": 61.496598639455776,
        "MACD": 1.0283980525143974,
        "MACD_Signal": 0.27567098654920463
    },
    "sample_scaled": {
        "Open": 0.36238984573040145,
        "High": 0.3566812220957409,
        "Low": 0.3515132851364994,
        "Close": 0.3484418922348342,
        "Adj Close": 0.2456279531334814,
        "Volume": 0.21162836503090587,
        "Returns": 0.34514456416023925,
        "MA_5": 0.3471991432478436,
        "MA_20": 0.31714985686960717,
        "Volatility": 0.5609551482174601,
        "RSI": 0.6200682817862283,
        "MACD": 0.46607034554988225,
        "MACD_Signal": 0.4161282272852712
    }
}