{
    "feature_order": [
        "Open",
        "High",
        "Low",
        "Close",
        "Adj Close",
        "Volume",
        "Returns",
        "MA_5",
        "MA_20",
        "Volatility",
        "RSI",
        "MACD",
        "MACD_Signal"
    ],
    "min_values": [
        1.4160159826278689,
        1.417968988418579,
        1.3515629768371582,
        1.3574219942092896,
        0.9694355130195618,
        0.0,
        -3.3238014558768145,
        1.4417969942092896,
        1.6977294921875,
        -1.4365705445367942,
        4.260052128992854,
        -4.203604121510011,
        -3.68172316242307
    ],
    "max_values": [
        122.4800033569336,
        123.37000274658205,
        121.6500015258789,
        122.20999908447266,
        87.59540557861328,
        52809800.0,
        3.4438319245391043,
        121.34400024414063,
        118.30750045776367,
        3.6280330651631854,
        99.22578873172874,
        4.837048267688189,
        4.350370292696457
    ],
    "feature_names": [
        "Open",
        "High",
        "Low",
        "Close",
        "Adj Close",
        "Volume",
        "Returns",
        "MA_5",
        "MA_20",
        "Volatility",
        "RSI",
        "MACD",
        "MACD_Signal"
    ],
    "sample_original": {
        "Open": 1.9589840173721316,
        "High": 2.021483898162842,
        "Low": 1.9375,
        "Close": 1.949218988418579,
        "Adj Close": 1.3920817375183103,
        "Volume": 25081600.0,
        "Returns": -0.17623759982079937,
        "MA_5": 2.0320314168930054,
        "MA_20": 1.9865375076021468,
        "Volatility": 3.142721472970389,
        "RSI": 57.03919589353995,
        "MACD": 0.07202754598296268,
        "MACD_Signal": 0.07484572169536766
    },
    "sample_scaled": {
        "Open": 0.004484967383946423,
        "High": 0.004948789217743272,
        "Low": 0.00487069516637138,
        "Close": 0.004896850430978258,
        "Adj Close": 0.004878978257660125,
        "Volume": 0.4749421508886608,
        "Returns": 0.4650907753313574,
        "MA_5": 0.004922632000793145,
        "MA_20": 0.0024767051081843253,
        "Volatility": 0.9041757994123562,
        "RSI": 0.5557703825889828,
        "MACD": 0.4729339746102297,
        "MACD_Signal": 0.46769486748489725
    }
}