{
    "feature_order": [
        "Open",
        "High",
        "Low",
        "Close",
        "Adj Close",
        "Volume",
        "Returns",
        "MA_5",
        "MA_20",
        "Volatility",
        "RSI",
        "MACD",
        "MACD_Signal"
    ],
    "min_values": [
        58.790000915527344,
        59.93999862670898,
        57.72999954223633,
        58.09999847412109,
        57.9223747253418,
        558900.0,
        -2.4073580539002872,
        58.374000549316406,
        57.80928584507534,
        -1.9327028894977916,
        3.294609747875313,
        -2.7644253045342992,
        -2.501816785731936
    ],
    "max_values": [
        93.80999755859376,
        94.5,
        92.48999786376952,
        93.87000274658205,
        93.73274993896484,
        7279700.0,
        3.0810283591353973,
        92.89000091552734,
        91.42900047302246,
        3.5481342261512228,
        87.12512271501708,
        4.230010355330222,
        3.8868578548034196
    ],
    "feature_names": [
        "Open",
        "High",
        "Low",
        "Close",
        "Adj Close",
        "Volume",
        "Returns",
        "MA_5",
        "MA_20",
        "Volatility",
        "RSI",
        "MACD",
        "MACD_Signal"
    ],
    "sample_original": {
        "Open": 60.63999938964844,
        "High": 62.97999954223633,
        "Low": 58.13999938964844,
        "Close": 59.0,
        "Adj Close": 58.81961441040039,
        "Volume": 7279700.0,
        "Returns": -1.6047827729907538,
        "MA_5": 58.374000549316406,
        "MA_20": 57.80928584507534,
        "Volatility": 2.0558559202511253,
        "RSI": 46.56121067044743,
        "MACD": -0.3414284365937732,
        "MACD_Signal": -0.5284565954498925
    },
    "sample_scaled": {
        "Open": 0.05282691751734858,
        "High": 0.08796298595858154,
        "Low": 0.011795163038259338,
        "Close": 0.02516078888399287,
        "Adj Close": 0.025055299747802406,
        "Volume": 1.0,
        "Returns": 0.14623155523512432,
        "MA_5": 0.0,
        "MA_20": 0.0,
        "Volatility": 0.7277280323402953,
        "RSI": 0.5161199590837635,
        "MACD": 0.34641777918469807,
        "MACD_Signal": 0.30888412719616604
    }
}