{
    "feature_order": [
        "Open",
        "High",
        "Low",
        "Close",
        "Adj Close",
        "Volume",
        "Returns",
        "MA_5",
        "MA_20",
        "Volatility",
        "RSI",
        "MACD",
        "MACD_Signal"
    ],
    "min_values": [
        2.2850000858306885,
        2.3499999046325684,
        2.164999961853028,
        2.244999885559082,
        2.244999885559082,
        127000.0,
        -3.191982047823375,
        2.400999927520752,
        2.749749982357025,
        -1.557041913322979,
        7.092571809067621,
        -24.65626224123517,
        -19.38530372708265
    ],
    "max_values": [
        412.4400024414063,
        415.3399963378906,
        410.6300048828125,
        414.3900146484375,
        414.3900146484375,
        6743825.0,
        3.3867121556062787,
        409.706005859375,
        403.7695007324219,
        4.41236520688385,
        98.80232408335522,
        25.178452603001233,
        22.702044082054815
    ],
    "feature_names": [
        "Open",
        "High",
        "Low",
        "Close",
        "Adj Close",
        "Volume",
        "Returns",
        "MA_5",
        "MA_20",
        "Volatility",
        "RSI",
        "MACD",
        "MACD_Signal"
    ],
    "sample_original": {
        "Open": 17.625,
        "High": 17.625,
        "Low": 16.05500030517578,
        "Close": 16.725000381469727,
        "Adj Close": 16.725000381469727,
        "Volume": 1529200.0,
        "Returns": -0.09919236462517297,
        "MA_5": 17.533000183105468,
        "MA_20": 16.69000005722046,
        "Volatility": 3.054842347942294,
        "RSI": 61.68024075267094,
        "MACD": 0.9159603242514702,
        "MACD_Signal": 0.8266237003924063
    },
    "sample_scaled": {
        "Open": 0.037400494510781576,
        "High": 0.03698636825900933,
        "Low": 0.03400536196732583,
        "Close": 0.03513326614963789,
        "Adj Close": 0.03513326614963789,
        "Volume": 0.2119143244683062,
        "Returns": 0.4701221226525236,
        "MA_5": 0.03715152044587548,
        "MA_20": 0.03476200373869286,
        "Volatility": 0.7725866519731495,
        "RSI": 0.5952220738787003,
        "MACD": 0.5131407422599946,
        "MACD_Signal": 0.48023761247998864
    }
}