{
    "feature_order": [
        "Open",
        "High",
        "Low",
        "Close",
        "Adj Close",
        "Volume",
        "Returns",
        "MA_5",
        "MA_20",
        "Volatility",
        "RSI",
        "MACD",
        "MACD_Signal"
    ],
    "min_values": [
        8.529999732971191,
        8.75,
        8.244999885559082,
        8.350000381469727,
        8.317789077758789,
        598200.0,
        -3.181973190520432,
        8.599000167846679,
        9.528250026702882,
        -1.632075390007323,
        6.711399454640784,
        -7.536880700644872,
        -5.621476983959727
    ],
    "max_values": [
        384.0,
        386.75,
        381.4800109863281,
        383.2799987792969,
        383.2799987792969,
        17939600.0,
        3.499899114583664,
        379.1200012207031,
        364.8604995727539,
        4.170579716075513,
        98.60462021610688,
        10.923071000250445,
        10.173008203115812
    ],
    "feature_names": [
        "Open",
        "High",
        "Low",
        "Close",
        "Adj Close",
        "Volume",
        "Returns",
        "MA_5",
        "MA_20",
        "Volatility",
        "RSI",
        "MACD",
        "MACD_Signal"
    ],
    "sample_original": {
        "Open": 16.125,
        "High": 16.21875,
        "Low": 15.5,
        "Close": 15.71875,
        "Adj Close": 15.607551574707031,
        "Volume": 6900000.0,
        "Returns": -0.6537179033785967,
        "MA_5": 16.00625,
        "MA_20": 15.916294642857142,
        "Volatility": 1.7226881109980343,
        "RSI": 44.917257683215134,
        "MACD": -0.10320821312793171,
        "MACD_Signal": -0.09202413693715622
    },
    "sample_scaled": {
        "Open": 0.020227981627366647,
        "High": 0.019758597883597885,
        "Low": 0.019438155314111603,
        "Close": 0.01965366775136385,
        "Adj Close": 0.0194413258412114,
        "Volume": 0.36339626558409355,
        "Returns": 0.3783752774219543,
        "MA_5": 0.01999144396972156,
        "MA_20": 0.017977666323040487,
        "Volatility": 0.5781428397301451,
        "RSI": 0.4157636212114936,
        "MACD": 0.40269187091948905,
        "MACD_Signal": 0.3500875642054649
    }
}