{
    "feature_order": [
        "Open",
        "High",
        "Low",
        "Close",
        "Adj Close",
        "Volume",
        "Returns",
        "MA_5",
        "MA_20",
        "Volatility",
        "RSI",
        "MACD",
        "MACD_Signal"
    ],
    "min_values": [
        37.90999984741211,
        39.5,
        36.810001373291016,
        38.810001373291016,
        38.810001373291016,
        452100.0,
        -2.418580791986672,
        40.77200088500977,
        43.430000114440915,
        -1.823285432287606,
        7.502381015346813,
        -4.238861669974,
        -3.3434333989332083
    ],
    "max_values": [
        78.69999694824219,
        79.48999786376953,
        74.0999984741211,
        78.94000244140625,
        78.94000244140625,
        5035525.0,
        2.8978878119363927,
        74.75599975585938,
        68.2014991760254,
        2.88928770131245,
        93.60405155610573,
        5.4402312590003845,
        4.493698064167507
    ],
    "feature_names": [
        "Open",
        "High",
        "Low",
        "Close",
        "Adj Close",
        "Volume",
        "Returns",
        "MA_5",
        "MA_20",
        "Volatility",
        "RSI",
        "MACD",
        "MACD_Signal"
    ],
    "sample_original": {
        "Open": 59.130001068115234,
        "High": 62.77000045776367,
        "Low": 57.70000076293945,
        "Close": 61.66999816894531,
        "Adj Close": 61.66999816894531,
        "Volume": 1136900.0,
        "Returns": 1.1684543302326833,
        "MA_5": 58.22799911499023,
        "MA_20": 57.219285692487446,
        "Volatility": 1.9484035699761608,
        "RSI": 74.1996753819896,
        "MACD": 3.3570436358144207,
        "MACD_Signal": 3.016898226065892
    },
    "sample_scaled": {
        "Open": 0.5202256123786608,
        "High": 0.5818955163997651,
        "Low": 0.5602038351776495,
        "Close": 0.5696485469026663,
        "Adj Close": 0.5696485469026663,
        "Volume": 0.14940792093249045,
        "Returns": 0.6747025872723962,
        "MA_5": 0.5136534489751783,
        "MA_20": 0.556659310111389,
        "Volatility": 0.8003459883459625,
        "RSI": 0.7746341499270859,
        "MACD": 0.7847744991733743,
        "MACD_Signal": 0.8115637277421237
    }
}