{
    "feature_order": [
        "Open",
        "High",
        "Low",
        "Close",
        "Adj Close",
        "Volume",
        "Returns",
        "MA_5",
        "MA_20",
        "Volatility",
        "RSI",
        "MACD",
        "MACD_Signal"
    ],
    "min_values": [
        11.140000343322754,
        11.4399995803833,
        11.039999961853027,
        11.0600004196167,
        8.961309432983398,
        119700.0,
        -3.1479104398341566,
        11.384000205993653,
        11.815000009536742,
        -1.543156960899028,
        4.226910467888217,
        -5.583527539520219,
        -4.770367759363819
    ],
    "max_values": [
        149.33999633789062,
        150.1999969482422,
        148.11000061035156,
        149.41000366210938,
        146.10958862304688,
        12302400.0,
        3.2838624415126945,
        148.26399841308594,
        146.38099899291993,
        3.6100261420035973,
        96.53182186020574,
        5.210502753685546,
        4.2202920794161525
    ],
    "feature_names": [
        "Open",
        "High",
        "Low",
        "Close",
        "Adj Close",
        "Volume",
        "Returns",
        "MA_5",
        "MA_20",
        "Volatility",
        "RSI",
        "MACD",
        "MACD_Signal"
    ],
    "sample_original": {
        "Open": 58.36000061035156,
        "High": 58.79999923706055,
        "Low": 58.0,
        "Close": 58.59999847412109,
        "Adj Close": 47.480350494384766,
        "Volume": 259600.0,
        "Returns": 0.3222966906522874,
        "MA_5": 57.59199905395508,
        "MA_20": 57.00571387154715,
        "Volatility": -0.3971824386455632,
        "RSI": 69.38775271884782,
        "MACD": 0.7355316767516769,
        "MACD_Signal": 0.5480658180336112
    },
    "sample_scaled": {
        "Open": 0.34167873831837775,
        "High": 0.3413087385056933,
        "Low": 0.34259867086869655,
        "Close": 0.343621228336213,
        "Adj Close": 0.28085690384799306,
        "Volume": 0.01148349709013601,
        "Returns": 0.5395413044746322,
        "MA_5": 0.33758035836653894,
        "MA_20": 0.33582564840610857,
        "Volatility": 0.2223818753127506,
        "RSI": 0.7059303916560923,
        "MACD": 0.5854216677758804,
        "MACD_Signal": 0.591550973206338
    }
}