{
    "feature_order": [
        "Open",
        "High",
        "Low",
        "Close",
        "Adj Close",
        "Volume",
        "Returns",
        "MA_5",
        "MA_20",
        "Volatility",
        "RSI",
        "MACD",
        "MACD_Signal"
    ],
    "min_values": [
        1.5019999742507937,
        1.5210000276565552,
        1.472000002861023,
        1.5,
        1.5,
        763000.0,
        -2.9977264608499428,
        1.5155999898910522,
        1.5870499908924103,
        -2.0856468229818623,
        7.757370385428004,
        -3.003001263621371,
        -2.2793858585522644
    ],
    "max_values": [
        74.0,
        74.35399627685547,
        72.54199981689453,
        73.53399658203125,
        73.53399658203125,
        25313875.0,
        3.0224452876744246,
        72.78359832763672,
        67.71470012664795,
        3.9177883377238154,
        97.66894636864926,
        2.929975897383585,
        2.7315956274030695
    ],
    "feature_names": [
        "Open",
        "High",
        "Low",
        "Close",
        "Adj Close",
        "Volume",
        "Returns",
        "MA_5",
        "MA_20",
        "Volatility",
        "RSI",
        "MACD",
        "MACD_Signal"
    ],
    "sample_original": {
        "Open": 1.6950000524520874,
        "High": 1.6950000524520874,
        "Low": 1.6449999809265137,
        "Close": 1.6549999713897705,
        "Adj Close": 1.6549999713897705,
        "Volume": 2080000.0,
        "Returns": -1.0625577716159575,
        "MA_5": 1.680999994277954,
        "MA_20": 1.6879285744258337,
        "Volatility": -0.6294420204778346,
        "RSI": 48.7632572837659,
        "MACD": 0.004680568683689046,
        "MACD_Signal": 0.0065394886679391835
    },
    "sample_scaled": {
        "Open": 0.0026621434816511587,
        "High": 0.0023890274155437645,
        "Low": 0.0024342194810493024,
        "Close": 0.002151761373024176,
        "Adj Close": 0.002151761373024176,
        "Volume": 0.05364370923643252,
        "Returns": 0.32144742211188965,
        "MA_5": 0.0023208173127447183,
        "MA_20": 0.001525512903094644,
        "Volatility": 0.24256192721715963,
        "RSI": 0.45606904839472695,
        "MACD": 0.5069430996757124,
        "MACD_Signal": 0.45618315566065126
    }
}