{
    "feature_order": [
        "Open",
        "High",
        "Low",
        "Close",
        "Adj Close",
        "Volume",
        "Returns",
        "MA_5",
        "MA_20",
        "Volatility",
        "RSI",
        "MACD",
        "MACD_Signal"
    ],
    "min_values": [
        0.3744859993457794,
        0.3950619995594024,
        0.3731139898300171,
        0.3731139898300171,
        0.3612977266311645,
        0.0,
        -3.001623694690092,
        0.38655699491500856,
        0.4013717979192733,
        -1.3089827653845303,
        5.919943083820911,
        -2.7987851296542274,
        -2.412581750546239
    ],
    "max_values": [
        55.869998931884766,
        56.7400016784668,
        55.46333312988281,
        56.0099983215332,
        54.59410095214844,
        5895900.0,
        3.3805625367371253,
        55.632666015625,
        54.07316665649414,
        3.597813686712108,
        96.52377351434805,
        1.7608885543641648,
        1.596570144812072
    ],
    "feature_names": [
        "Open",
        "High",
        "Low",
        "Close",
        "Adj Close",
        "Volume",
        "Returns",
        "MA_5",
        "MA_20",
        "Volatility",
        "RSI",
        "MACD",
        "MACD_Signal"
    ],
    "sample_original": {
        "Open": 0.5432100296020508,
        "High": 0.5432100296020508,
        "Low": 0.5432100296020508,
        "Close": 0.5432100296020508,
        "Adj Close": 0.5260069966316223,
        "Volume": 43284.0,
        "Returns": -1.3184160262344062,
        "MA_5": 0.5344308137893676,
        "MA_20": 0.5161669318165097,
        "Volatility": 2.870773883444296,
        "RSI": 56.716424081166174,
        "MACD": 0.011677818267662898,
        "MACD_Signal": 0.0066494148490157876
    },
    "sample_scaled": {
        "Open": 0.0030403184210834183,
        "High": 0.0026293049719619674,
        "Low": 0.003087590545603167,
        "Close": 0.0030572531480722942,
        "Adj Close": 0.0030370783032465463,
        "Volume": 0.0073413728183992265,
        "Returns": 0.2637352793259494,
        "MA_5": 0.0026766377125115905,
        "MA_20": 0.0021388353827130535,
        "Volatility": 0.8518300462703822,
        "RSI": 0.5606438575055035,
        "MACD": 0.6163737018665466,
        "MACD_Signal": 0.6034271657794197
    }
}