{
    "feature_order": [
        "Open",
        "High",
        "Low",
        "Close",
        "Adj Close",
        "Volume",
        "Returns",
        "MA_5",
        "MA_20",
        "Volatility",
        "RSI",
        "MACD",
        "MACD_Signal"
    ],
    "min_values": [
        0.6700000166893005,
        0.7269999980926514,
        0.6629999876022339,
        0.671999990940094,
        0.2637243866920471,
        2523000.0,
        -2.8684974398805467,
        0.7172000050544739,
        0.8537000000476838,
        -1.3919858380369694,
        4.092266564014238,
        -0.7105240823122685,
        -0.6367456800948811
    ],
    "max_values": [
        23.003999710083008,
        23.488000869750977,
        22.299999237060547,
        22.864999771118164,
        12.11814308166504,
        78678000.0,
        3.2454931158503557,
        22.465800094604493,
        21.33125,
        3.4845580467899984,
        97.84732817304238,
        0.9693573920862661,
        0.8104089415263556
    ],
    "feature_names": [
        "Open",
        "High",
        "Low",
        "Close",
        "Adj Close",
        "Volume",
        "Returns",
        "MA_5",
        "MA_20",
        "Volatility",
        "RSI",
        "MACD",
        "MACD_Signal"
    ],
    "sample_original": {
        "Open": 4.983333110809326,
        "High": 4.985416889190674,
        "Low": 4.497917175292969,
        "Close": 4.631249904632568,
        "Adj Close": 1.8175197839736936,
        "Volume": 75090000.0,
        "Returns": -1.0614985857648624,
        "MA_5": 4.51875,
        "MA_20": 3.967708264078413,
        "Volatility": 1.0386564509188048,
        "RSI": 75.26754817472856,
        "MACD": 0.21078486208545621,
        "MACD_Signal": 0.09333792079431608
    },
    "sample_scaled": {
        "Open": 0.19312855526705724,
        "High": 0.18709269048008087,
        "Low": 0.1772388649404211,
        "Close": 0.17840084499206474,
        "Adj Close": 0.1310730991761369,
        "Volume": 0.9528855623399646,
        "Returns": 0.29555146309833724,
        "MA_5": 0.17479515827651507,
        "MA_20": 0.15206937666068357,
        "Volatility": 0.49843543836825727,
        "RSI": 0.7591620163135863,
        "MACD": 0.548436873933377,
        "MACD_Signal": 0.5044959190824336
    }
}