{
    "feature_order": [
        "Open",
        "High",
        "Low",
        "Close",
        "Adj Close",
        "Volume",
        "Returns",
        "MA_5",
        "MA_20",
        "Volatility",
        "RSI",
        "MACD",
        "MACD_Signal"
    ],
    "min_values": [
        4.814815044403076,
        5.018518924713135,
        4.77366304397583,
        4.880658149719238,
        2.1048247814178467,
        495450.0,
        -3.0143380638595585,
        4.923456764221191,
        5.128394985198975,
        -1.6523860835387478,
        5.178644961084899,
        -2.635263931391581,
        -2.3485602582585487
    ],
    "max_values": [
        55.16666793823242,
        55.606666564941406,
        55.06666564941406,
        55.29999923706055,
        44.56939697265625,
        10729200.0,
        3.147676773898737,
        55.006666564941405,
        54.1736665725708,
        4.386612510395205,
        98.28877070800425,
        1.8061735857749923,
        1.6557998597438979
    ],
    "feature_names": [
        "Open",
        "High",
        "Low",
        "Close",
        "Adj Close",
        "Volume",
        "Returns",
        "MA_5",
        "MA_20",
        "Volatility",
        "RSI",
        "MACD",
        "MACD_Signal"
    ],
    "sample_original": {
        "Open": 5.893003940582275,
        "High": 5.893003940582275,
        "Low": 5.530863761901856,
        "Close": 5.662550926208496,
        "Adj Close": 2.3917016983032227,
        "Volume": 2895497.0,
        "Returns": -0.033093198398613424,
        "MA_5": 5.746501636505127,
        "MA_20": 5.716049330575125,
        "Volatility": 1.9032448752789302,
        "RSI": 48.36064347637373,
        "MACD": -5.013595620262379e-05,
        "MACD_Signal": 0.0025247501937644234
    },
    "sample_scaled": {
        "Open": 0.02141309275058141,
        "High": 0.01728636166100181,
        "Low": 0.01505578666413028,
        "Close": 0.015507794422279064,
        "Adj Close": 0.006755676604804382,
        "Volume": 0.23452273115915476,
        "Returns": 0.483810075755271,
        "MA_5": 0.016433548799264466,
        "MA_20": 0.011981875649914014,
        "Volatility": 0.5887782392248335,
        "RSI": 0.4637733884353341,
        "MACD": 0.5933245228037161,
        "MACD_Signal": 0.5871312617170753
    }
}