{
    "feature_order": [
        "Open",
        "High",
        "Low",
        "Close",
        "Adj Close",
        "Volume",
        "Returns",
        "MA_5",
        "MA_20",
        "Volatility",
        "RSI",
        "MACD",
        "MACD_Signal"
    ],
    "min_values": [
        13.03940773010254,
        13.262304306030272,
        12.81651210784912,
        13.08398723602295,
        5.267746925354004,
        582671.0,
        -3.1428932621915315,
        13.182061576843262,
        13.128566469464984,
        -1.745577066306665,
        3.4246813698285905,
        -3.8140006140394007,
        -3.1556005945004233
    ],
    "max_values": [
        65.22111511230469,
        65.71326446533203,
        64.52210998535156,
        65.36376953125,
        33.66658401489258,
        20593698.0,
        2.788254382108542,
        64.4821662902832,
        64.08559169769288,
        4.678462877292649,
        91.39064579453913,
        1.524071133751022,
        1.4622861418707604
    ],
    "feature_names": [
        "Open",
        "High",
        "Low",
        "Close",
        "Adj Close",
        "Volume",
        "Returns",
        "MA_5",
        "MA_20",
        "Volatility",
        "RSI",
        "MACD",
        "MACD_Signal"
    ],
    "sample_original": {
        "Open": 13.641226768493652,
        "High": 13.930991172790527,
        "Low": 13.396040916442873,
        "Close": 13.864123344421388,
        "Adj Close": 5.546788692474365,
        "Volume": 5041872.0,
        "Returns": 1.9175999772919634,
        "MA_5": 13.64122714996338,
        "MA_20": 13.128566469464984,
        "Volatility": 1.3331476101585356,
        "RSI": 77.77778438050235,
        "MACD": 0.42983474683183154,
        "MACD_Signal": 0.3314071060045388
    },
    "sample_scaled": {
        "Open": 0.011533141949210679,
        "High": 0.012748801256056097,
        "Low": 0.011208241126361929,
        "Close": 0.014922328941481877,
        "Adj Close": 0.009825816678358051,
        "Volume": 0.22283718871600142,
        "Returns": 0.8532064185498247,
        "MA_5": 0.008950577697355522,
        "MA_20": 0.0,
        "Volatility": 0.47925055004253714,
        "RSI": 0.8452485401249943,
        "MACD": 0.7950127988871402,
        "MACD_Signal": 0.7551089707421265
    }
}