{
    "feature_order": [
        "Open",
        "High",
        "Low",
        "Close",
        "Adj Close",
        "Volume",
        "Returns",
        "MA_5",
        "MA_20",
        "Volatility",
        "RSI",
        "MACD",
        "MACD_Signal"
    ],
    "min_values": [
        27.21999931335449,
        27.530000686645508,
        25.9375,
        27.239999771118164,
        18.27323532104492,
        103300.0,
        -3.1885092169064273,
        27.509999465942382,
        28.259999752044678,
        -1.4733464799152731,
        4.66433884662915,
        -8.85522390754494,
        -7.043392359235487
    ],
    "max_values": [
        272.3299865722656,
        276.7699890136719,
        271.8099975585937,
        276.5400085449219,
        252.75865173339844,
        10422700.0,
        3.186385639040175,
        271.1160034179687,
        266.1144989013672,
        3.466047093232133,
        100.0,
        6.305880796125507,
        5.894512346503745
    ],
    "feature_names": [
        "Open",
        "High",
        "Low",
        "Close",
        "Adj Close",
        "Volume",
        "Returns",
        "MA_5",
        "MA_20",
        "Volatility",
        "RSI",
        "MACD",
        "MACD_Signal"
    ],
    "sample_original": {
        "Open": 51.4375,
        "High": 51.5,
        "Low": 48.0,
        "Close": 48.5,
        "Adj Close": 32.53495407104492,
        "Volume": 3520200.0,
        "Returns": -2.0187964046289495,
        "MA_5": 50.1375,
        "MA_20": 46.909598214285715,
        "Volatility": 2.857935842741315,
        "RSI": 60.45751633986928,
        "MACD": 1.4458544331876482,
        "MACD_Signal": 0.9393622875617943
    },
    "sample_scaled": {
        "Open": 0.0988025863714171,
        "High": 0.09617236573572455,
        "Low": 0.08973146740310921,
        "Close": 0.08527877850245716,
        "Adj Close": 0.060821346453888245,
        "Volume": 0.33111421206659297,
        "Returns": 0.18348738900161643,
        "MA_5": 0.09288564389617296,
        "MA_20": 0.0784075917375564,
        "Volatility": 0.8768854432259128,
        "RSI": 0.5852288306207168,
        "MACD": 0.6794411450927277,
        "MACD_Signal": 0.6170052128499712
    }
}